city,date,ghi_day,predicted_ghi
Agadir,2025-01-01,3604.0,3378.0
Agadir,2025-01-02,3755.0,3769.0
Agadir,2025-01-03,3670.0,3711.0
Agadir,2025-01-04,3305.0,2759.0
Agadir,2025-01-05,3839.0,3760.0
Agadir,2025-01-06,3288.0,3767.0
Agadir,2025-01-07,3850.0,3793.0
Agadir,2025-01-08,3771.0,3676.0
Agadir,2025-01-09,3905.0,3848.0
Agadir,2025-01-10,3950.0,3853.0
Agadir,2025-01-11,3994.0,3937.0
Agadir,2025-01-12,3942.0,3967.0
Agadir,2025-01-13,3691.0,3734.0
Agadir,2025-01-14,4006.0,4008.0
Agadir,2025-01-15,4061.0,4026.0
Agadir,2025-01-16,3935.0,4070.0
Agadir,2025-01-17,4052.0,4043.0
Agadir,2025-01-18,3903.0,3919.0
Agadir,2025-01-19,4038.0,4003.0
Agadir,2025-01-20,4116.0,4179.0
Agadir,2025-01-21,4205.0,4125.0
Agadir,2025-01-22,4211.0,4196.0
Agadir,2025-01-23,4140.0,4153.0
Agadir,2025-01-24,4294.0,4249.0
Agadir,2025-01-25,4166.0,3598.0
Agadir,2025-01-26,4169.0,3560.0
Agadir,2025-01-27,4259.0,4053.0
Agadir,2025-01-28,3859.0,3787.0
Agadir,2025-01-29,4401.0,4099.0
Agadir,2025-01-30,4298.0,4492.0
Agadir,2025-01-31,4423.0,4470.0
Agadir,2025-02-01,4511.0,4512.0
Agadir,2025-02-02,4285.0,4363.0
Agadir,2025-02-03,4448.0,4553.0
Agadir,2025-02-04,4317.0,4590.0
Agadir,2025-02-05,4619.0,4573.0
Agadir,2025-02-06,4687.0,4663.0
Agadir,2025-02-07,4800.0,4645.0
Agadir,2025-02-08,4814.0,4634.0
Agadir,2025-02-09,4862.0,4646.0
Agadir,2025-02-10,4898.0,4657.0
Agadir,2025-02-11,4868.0,4662.0
Agadir,2025-02-12,4907.0,4857.0
Agadir,2025-02-13,4985.0,4956.0
Agadir,2025-02-14,5004.0,4996.0
Agadir,2025-02-15,3760.0,3989.0
Agadir,2025-02-16,4965.0,5073.0
Agadir,2025-02-17,5003.0,4947.0
Agadir,2025-02-18,2445.0,4655.0
Agadir,2025-02-19,4972.0,5074.0
Agadir,2025-02-20,5051.0,5037.0
Agadir,2025-02-21,5112.0,4890.0
Agadir,2025-02-22,5141.0,4963.0
Agadir,2025-02-23,5107.0,5002.0
Agadir,2025-02-24,5273.0,5119.0
Agadir,2025-02-25,5276.0,4975.0
Agadir,2025-02-26,5306.0,4837.0
Agadir,2025-02-27,5045.0,5024.0
Agadir,2025-02-28,4385.0,4801.0
Agadir,2025-03-01,5136.0,5351.0
Agadir,2025-03-02,5026.0,4790.0
Agadir,2025-03-03,4914.0,5314.0
Agadir,2025-03-04,4962.0,5345.0
Agadir,2025-03-05,4825.0,5069.0
Agadir,2025-03-06,3574.0,4625.0
Agadir,2025-03-07,5081.0,5444.0
Agadir,2025-03-08,1747.0,2870.0
Agadir,2025-03-09,4630.0,5034.0
Agadir,2025-03-10,3649.0,3582.0
Agadir,2025-03-11,5369.0,5446.0
Agadir,2025-03-12,5282.0,5426.0
Agadir,2025-03-13,5324.0,5641.0
Agadir,2025-03-14,5048.0,4820.0
Agadir,2025-03-15,5969.0,5671.0
Agadir,2025-03-16,5886.0,5711.0
Agadir,2025-03-17,4314.0,5388.0
Agadir,2025-03-18,5654.0,5344.0
Agadir,2025-03-19,5902.0,5704.0
Agadir,2025-03-20,6116.0,6188.0
Agadir,2025-03-21,6272.0,6064.0
Agadir,2025-03-22,6186.0,6184.0
Agadir,2025-03-23,6362.0,6454.0
Agadir,2025-03-24,6441.0,6478.0
Agadir,2025-03-25,6500.0,6412.0
Agadir,2025-03-26,6598.0,6422.0
Agadir,2025-03-27,6535.0,6359.0
Agadir,2025-03-28,6713.0,6690.0
Agadir,2025-03-29,6749.0,6537.0
Agadir,2025-03-30,6584.0,6779.0
Agadir,2025-03-31,6651.0,6772.0
Agadir,2025-04-01,5821.0,6610.0
Agadir,2025-04-02,3412.0,5158.0
Agadir,2025-04-03,6614.0,6747.0
Agadir,2025-04-04,6543.0,6612.0
Agadir,2025-04-05,6679.0,6644.0
Agadir,2025-04-06,6746.0,6861.0
Agadir,2025-04-07,6907.0,6801.0
Agadir,2025-04-08,6862.0,6754.0
Agadir,2025-04-09,3482.0,6017.0
Agadir,2025-04-10,3637.0,4806.0
Agadir,2025-04-11,6552.0,6048.0
Agadir,2025-04-12,6703.0,7100.0
Agadir,2025-04-13,6696.0,7194.0
Agadir,2025-04-14,6791.0,7308.0
Agadir,2025-04-15,7127.0,7348.0
Agadir,2025-04-16,7232.0,7353.0
Agadir,2025-04-17,6917.0,6335.0
Agadir,2025-04-18,7351.0,7297.0
Agadir,2025-04-19,7049.0,7195.0
Agadir,2025-04-20,7116.0,7314.0
Agadir,2025-04-21,7374.0,7350.0
Agadir,2025-04-22,7429.0,7323.0
Agadir,2025-04-23,6677.0,7128.0
Agadir,2025-04-24,6416.0,6274.0
Agadir,2025-04-25,6482.0,7169.0
Agadir,2025-04-26,7298.0,7407.0
Agadir,2025-04-27,6933.0,7252.0
Agadir,2025-04-28,6594.0,6694.0
Agadir,2025-04-29,6242.0,6473.0
Agadir,2025-04-30,6380.0,6494.0
Agadir,2025-05-01,7560.0,7618.0
Agadir,2025-05-02,7569.0,7674.0
Agadir,2025-05-03,7456.0,7360.0
Agadir,2025-05-04,7345.0,7366.0
Agadir,2025-05-05,7223.0,7094.0
Agadir,2025-05-06,6696.0,6617.0
Agadir,2025-05-07,7584.0,7363.0
Agadir,2025-05-08,7308.0,7094.0
Agadir,2025-05-09,5939.0,6588.0
Agadir,2025-05-10,7301.0,7084.0
Agadir,2025-05-11,6905.0,7476.0
Agadir,2025-05-12,7482.0,7480.0
Agadir,2025-05-13,7496.0,7691.0
Agadir,2025-05-14,7757.0,7757.0
Agadir,2025-05-15,7791.0,7767.0
Agadir,2025-05-16,7669.0,7687.0
Agadir,2025-05-17,7579.0,7333.0
Agadir,2025-05-18,7339.0,7354.0
Agadir,2025-05-19,7659.0,7708.0
Agadir,2025-05-20,7675.0,7298.0
Agadir,2025-05-21,7482.0,7342.0
Agadir,2025-05-22,6221.0,6598.0
Agadir,2025-05-23,6495.0,7153.0
Agadir,2025-05-24,7646.0,7460.0
Agadir,2025-05-25,6736.0,6492.0
Agadir,2025-05-26,6225.0,6722.0
Agadir,2025-05-27,6670.0,6826.0
Agadir,2025-05-28,7098.0,7186.0
Agadir,2025-05-29,6550.0,6490.0
Agadir,2025-05-30,6885.0,7201.0
Agadir,2025-05-31,7303.0,7040.0
Agadir,2025-06-01,7919.0,7220.0
Agadir,2025-06-02,8064.0,7690.0
Agadir,2025-06-03,7159.0,6660.0
Agadir,2025-06-04,7735.0,7662.0
Agadir,2025-06-05,7792.0,7709.0
Agadir,2025-06-06,7405.0,7194.0
Agadir,2025-06-07,6601.0,6324.0
Agadir,2025-06-08,6263.0,5717.0
Agadir,2025-06-09,6348.0,4586.0
Agadir,2025-06-10,6790.0,6094.0
Agadir,2025-06-11,7941.0,7685.0
Agadir,2025-06-12,7661.0,7381.0
Agadir,2025-06-13,7255.0,6297.0
Agadir,2025-06-14,7735.0,7454.0
Agadir,2025-06-15,7395.0,7510.0
Agadir,2025-06-16,6615.0,6145.0
Agadir,2025-06-17,7105.0,6402.0
Agadir,2025-06-18,7292.0,7105.0
Agadir,2025-06-19,6441.0,6580.0
Agadir,2025-06-20,6779.0,6747.0
Agadir,2025-06-21,7258.0,6868.0
Agadir,2025-06-22,7073.0,7519.0
Agadir,2025-06-23,7587.0,7768.0
Agadir,2025-06-24,7591.0,7725.0
Agadir,2025-06-25,7679.0,7649.0
Agadir,2025-06-26,7283.0,7476.0
Agadir,2025-06-27,7251.0,7009.0
Agadir,2025-06-28,7332.0,7365.0
Agadir,2025-06-29,7493.0,7489.0
Agadir,2025-06-30,5933.0,5234.0
Agadir,2025-07-01,6850.0,5862.0
Agadir,2025-07-02,6980.0,6750.0
Agadir,2025-07-03,7351.0,7497.0
Agadir,2025-07-04,7611.0,7724.0
Agadir,2025-07-05,7421.0,7498.0
Agadir,2025-07-06,7472.0,7516.0
Agadir,2025-07-07,6845.0,6703.0
Agadir,2025-07-08,6961.0,7015.0
Agadir,2025-07-09,6890.0,6984.0
Agadir,2025-07-10,6912.0,7376.0
Agadir,2025-07-11,7181.0,7521.0
Agadir,2025-07-12,7452.0,7556.0
Agadir,2025-07-13,7006.0,6910.0
Agadir,2025-07-14,7177.0,7195.0
Agadir,2025-07-15,7258.0,7275.0
Agadir,2025-07-16,7209.0,7245.0
Agadir,2025-07-17,7077.0,7154.0
Agadir,2025-07-18,7295.0,7261.0
Agadir,2025-07-19,7134.0,7160.0
Agadir,2025-07-20,6908.0,6608.0
Agadir,2025-07-21,7185.0,7071.0
Agadir,2025-07-22,7274.0,7101.0
Agadir,2025-07-23,7182.0,7086.0
Agadir,2025-07-24,6715.0,6706.0
Agadir,2025-07-25,6663.0,6469.0
Agadir,2025-07-26,5956.0,5530.0
Agadir,2025-07-27,6535.0,5876.0
Agadir,2025-07-28,6141.0,5989.0
Agadir,2025-07-29,6573.0,6580.0
Agadir,2025-07-30,6892.0,6511.0
Agadir,2025-07-31,6343.0,5712.0
Agadir,2025-08-01,6385.0,6214.0
Agadir,2025-08-02,5697.0,5656.0
Agadir,2025-08-03,6631.0,6427.0
Agadir,2025-08-04,6717.0,6479.0
Agadir,2025-08-05,5757.0,6437.0
Agadir,2025-08-06,6055.0,6338.0
Agadir,2025-08-07,6348.0,6685.0
Agadir,2025-08-08,6943.0,6830.0
Agadir,2025-08-09,7206.0,7119.0
Agadir,2025-08-10,7152.0,6846.0
Agadir,2025-08-11,6626.0,6533.0
Agadir,2025-08-12,7065.0,6902.0
Agadir,2025-08-13,6132.0,6024.0
Agadir,2025-08-14,6417.0,6342.0
Agadir,2025-08-15,6253.0,6505.0
Agadir,2025-08-16,6294.0,6280.0
Agadir,2025-08-17,5857.0,6338.0
Agadir,2025-08-18,6433.0,6730.0
Agadir,2025-08-19,6716.0,6831.0
Agadir,2025-08-20,6941.0,6864.0
Agadir,2025-08-21,6796.0,6676.0
Agadir,2025-08-22,6028.0,6211.0
Agadir,2025-08-23,6204.0,6358.0
Agadir,2025-08-24,6414.0,6124.0
Agadir,2025-08-25,6500.0,6078.0
Agadir,2025-08-26,6624.0,6693.0
Agadir,2025-08-27,6314.0,6353.0
Agadir,2025-08-28,6407.0,6610.0
Agadir,2025-08-29,6716.0,6747.0
Agadir,2025-08-30,6319.0,6569.0
Agadir,2025-08-31,5576.0,5859.0
Agadir,2025-09-01,6299.0,6048.0
Agadir,2025-09-02,6621.0,6495.0
Agadir,2025-09-03,6482.0,5742.0
Agadir,2025-09-04,5915.0,5430.0
Agadir,2025-09-05,5526.0,5251.0
Agadir,2025-09-06,5952.0,5852.0
Agadir,2025-09-07,6345.0,6452.0
Agadir,2025-09-08,5459.0,5157.0
Agadir,2025-09-09,5783.0,5982.0
Agadir,2025-09-10,6398.0,6401.0
Agadir,2025-09-11,6303.0,6191.0
Agadir,2025-09-12,5833.0,5428.0
Agadir,2025-09-13,5552.0,5230.0
Agadir,2025-09-14,5415.0,5731.0
Agadir,2025-09-15,6122.0,6041.0
Agadir,2025-09-16,5397.0,5220.0
Agadir,2025-09-17,5989.0,6161.0
Agadir,2025-09-18,4682.0,5100.0
Agadir,2025-09-19,4990.0,4709.0
Agadir,2025-09-20,5647.0,5916.0
Agadir,2025-09-21,5470.0,5580.0
Agadir,2025-09-22,5363.0,5647.0
Agadir,2025-09-23,4621.0,4928.0
Agadir,2025-09-24,5700.0,5936.0
Agadir,2025-09-25,5780.0,5558.0
Agadir,2025-09-26,5820.0,5855.0
Agadir,2025-09-27,5871.0,5894.0
Agadir,2025-09-28,5515.0,5432.0
Agadir,2025-09-29,5763.0,5742.0
Agadir,2025-09-30,5686.0,5515.0
Agadir,2025-10-01,5437.0,4929.0
Agadir,2025-10-02,4226.0,5080.0
Agadir,2025-10-03,5582.0,5304.0
Agadir,2025-10-04,4517.0,5164.0
Agadir,2025-10-05,5155.0,5020.0
Agadir,2025-10-06,5289.0,5122.0
Agadir,2025-10-07,5352.0,5253.0
Agadir,2025-10-08,5437.0,5457.0
Agadir,2025-10-09,5134.0,5327.0
Agadir,2025-10-10,5352.0,5210.0
Agadir,2025-10-11,5399.0,5238.0
Agadir,2025-10-12,4547.0,4400.0
Agadir,2025-10-13,4348.0,4185.0
Agadir,2025-10-14,4439.0,4096.0
Agadir,2025-10-15,4468.0,3566.0
Agadir,2025-10-16,5077.0,4160.0
Agadir,2025-10-17,4446.0,4043.0
Agadir,2025-10-18,4962.0,4829.0
Agadir,2025-10-19,4348.0,4762.0
Agadir,2025-10-20,4133.0,4704.0
Agadir,2025-10-21,4788.0,4777.0
Agadir,2025-10-22,4666.0,4783.0
Agadir,2025-10-23,4421.0,4502.0
Agadir,2025-10-24,3747.0,3946.0
Agadir,2025-10-25,4326.0,4387.0
Agadir,2025-10-26,4466.0,4434.0
Agadir,2025-10-27,3409.0,4167.0
Agadir,2025-10-28,4334.0,3946.0
Agadir,2025-10-29,2755.0,3970.0
Agadir,2025-10-30,4289.0,4460.0
Agadir,2025-10-31,4503.0,4373.0
Agadir,2025-11-01,4639.0,4557.0
Agadir,2025-11-02,4327.0,4395.0
Agadir,2025-11-03,4534.0,4285.0
Agadir,2025-11-04,4416.0,4365.0
Agadir,2025-11-05,4299.0,4387.0
Agadir,2025-11-06,4026.0,3884.0
Agadir,2025-11-07,4300.0,4254.0
Agadir,2025-11-08,4339.0,4349.0
Agadir,2025-11-09,4312.0,4296.0
Agadir,2025-11-10,4118.0,4146.0
Agadir,2025-11-11,4069.0,4048.0
Agadir,2025-11-12,3868.0,3830.0
Agadir,2025-11-13,1226.0,3217.0
Agadir,2025-11-14,3813.0,3853.0
Agadir,2025-11-15,3913.0,3700.0
Agadir,2025-11-16,3453.0,3846.0
Agadir,2025-11-17,3946.0,3756.0
Agadir,2025-11-18,4009.0,3870.0
Agadir,2025-11-19,4010.0,3932.0
Agadir,2025-11-20,3588.0,2856.0
Agadir,2025-11-21,3403.0,3346.0
Agadir,2025-11-22,4018.0,3860.0
Agadir,2025-11-23,3958.0,3921.0
Agadir,2025-11-24,3905.0,3740.0
Agadir,2025-11-25,3982.0,3899.0
Agadir,2025-11-26,3875.0,3858.0
Agadir,2025-11-27,3786.0,3844.0
Agadir,2025-11-28,3875.0,3868.0
Agadir,2025-11-29,3873.0,3795.0
Agadir,2025-11-30,3731.0,3680.0
Agadir,2025-12-01,3832.0,3860.0
Agadir,2025-12-02,3783.0,3700.0
Agadir,2025-12-03,3816.0,3699.0
Agadir,2025-12-04,3841.0,3692.0
Agadir,2025-12-05,3823.0,3711.0
Agadir,2025-12-06,3315.0,3283.0
Agadir,2025-12-07,1957.0,3523.0
Agadir,2025-12-08,3722.0,3811.0
Agadir,2025-12-09,3705.0,3707.0
Agadir,2025-12-10,1613.0,2999.0
Agadir,2025-12-11,3595.0,3553.0
Agadir,2025-12-12,1023.0,2489.0
Agadir,2025-12-13,2307.0,2267.0
Agadir,2025-12-14,3332.0,3323.0
Agadir,2025-12-15,2919.0,3508.0
Agadir,2025-12-16,2767.0,2532.0
Agadir,2025-12-17,3452.0,3708.0
Agadir,2025-12-18,3437.0,3304.0
Agadir,2025-12-19,3578.0,3557.0
Agadir,2025-12-20,3574.0,3619.0
Agadir,2025-12-21,3533.0,3615.0
Agadir,2025-12-22,3605.0,3963.0
Agadir,2025-12-23,3656.0,3612.0
Agadir,2025-12-24,1594.0,2648.0
Agadir,2025-12-25,3559.0,3684.0
Agadir,2025-12-26,2875.0,3570.0
Agadir,2025-12-27,1775.0,2351.0
Agadir,2025-12-28,3076.0,3333.0
Agadir,2025-12-29,2664.0,2454.0
Agadir,2025-12-30,3529.0,3615.0
Agadir,2025-12-31,3414.0,3265.0
Casablanca,2025-01-01,3403.0,3349.0
Casablanca,2025-01-02,3470.0,3358.0
Casablanca,2025-01-03,3448.0,2932.0
Casablanca,2025-01-04,3247.0,2796.0
Casablanca,2025-01-05,3320.0,2500.0
Casablanca,2025-01-06,2636.0,2382.0
Casablanca,2025-01-07,3470.0,3229.0
Casablanca,2025-01-08,3446.0,3051.0
Casablanca,2025-01-09,3460.0,3348.0
Casablanca,2025-01-10,3442.0,3310.0
Casablanca,2025-01-11,3337.0,2983.0
Casablanca,2025-01-12,2850.0,2626.0
Casablanca,2025-01-13,3561.0,3230.0
Casablanca,2025-01-14,3803.0,3441.0
Casablanca,2025-01-15,3795.0,3464.0
Casablanca,2025-01-16,3593.0,3446.0
Casablanca,2025-01-17,2517.0,3048.0
Casablanca,2025-01-18,3742.0,3359.0
Casablanca,2025-01-19,3527.0,3104.0
Casablanca,2025-01-20,3237.0,2803.0
Casablanca,2025-01-21,3788.0,3548.0
Casablanca,2025-01-22,3704.0,3808.0
Casablanca,2025-01-23,3651.0,3698.0
Casablanca,2025-01-24,3834.0,3763.0
Casablanca,2025-01-25,2924.0,3328.0
Casablanca,2025-01-26,3681.0,3389.0
Casablanca,2025-01-27,2790.0,3092.0
Casablanca,2025-01-28,3929.0,3669.0
Casablanca,2025-01-29,3235.0,3570.0
Casablanca,2025-01-30,3486.0,3377.0
Casablanca,2025-01-31,3381.0,3589.0
Casablanca,2025-02-01,3870.0,3935.0
Casablanca,2025-02-02,2453.0,2626.0
Casablanca,2025-02-03,3424.0,3424.0
Casablanca,2025-02-04,4143.0,4104.0
Casablanca,2025-02-05,4323.0,4048.0
Casablanca,2025-02-06,4389.0,4118.0
Casablanca,2025-02-07,4346.0,4091.0
Casablanca,2025-02-08,4288.0,4181.0
Casablanca,2025-02-09,4396.0,4182.0
Casablanca,2025-02-10,4550.0,4129.0
Casablanca,2025-02-11,4577.0,4090.0
Casablanca,2025-02-12,3813.0,3992.0
Casablanca,2025-02-13,4586.0,4354.0
Casablanca,2025-02-14,4644.0,4434.0
Casablanca,2025-02-15,3619.0,3587.0
Casablanca,2025-02-16,3838.0,4326.0
Casablanca,2025-02-17,4060.0,4521.0
Casablanca,2025-02-18,2537.0,3839.0
Casablanca,2025-02-19,3097.0,3802.0
Casablanca,2025-02-20,4708.0,4588.0
Casablanca,2025-02-21,4678.0,4511.0
Casablanca,2025-02-22,2373.0,3673.0
Casablanca,2025-02-23,4484.0,4571.0
Casablanca,2025-02-24,5016.0,4409.0
Casablanca,2025-02-25,4491.0,4090.0
Casablanca,2025-02-26,3071.0,3902.0
Casablanca,2025-02-27,4394.0,3948.0
Casablanca,2025-02-28,3257.0,3408.0
Casablanca,2025-03-01,4490.0,4859.0
Casablanca,2025-03-02,4651.0,4617.0
Casablanca,2025-03-03,4494.0,4974.0
Casablanca,2025-03-04,4727.0,4670.0
Casablanca,2025-03-05,3961.0,4892.0
Casablanca,2025-03-06,4597.0,4933.0
Casablanca,2025-03-07,4201.0,4833.0
Casablanca,2025-03-08,2555.0,4187.0
Casablanca,2025-03-09,3625.0,3887.0
Casablanca,2025-03-10,4374.0,4434.0
Casablanca,2025-03-11,2349.0,2976.0
Casablanca,2025-03-12,3746.0,4526.0
Casablanca,2025-03-13,5004.0,5265.0
Casablanca,2025-03-14,3941.0,3551.0
Casablanca,2025-03-15,4821.0,5146.0
Casablanca,2025-03-16,5775.0,5629.0
Casablanca,2025-03-17,4641.0,5369.0
Casablanca,2025-03-18,4785.0,5569.0
Casablanca,2025-03-19,5342.0,4952.0
Casablanca,2025-03-20,4870.0,5725.0
Casablanca,2025-03-21,5548.0,5721.0
Casablanca,2025-03-22,3793.0,4227.0
Casablanca,2025-03-23,4219.0,4739.0
Casablanca,2025-03-24,5283.0,4980.0
Casablanca,2025-03-25,5900.0,5886.0
Casablanca,2025-03-26,6450.0,6167.0
Casablanca,2025-03-27,6313.0,5255.0
Casablanca,2025-03-28,6518.0,6531.0
Casablanca,2025-03-29,6748.0,6678.0
Casablanca,2025-03-30,6756.0,6688.0
Casablanca,2025-03-31,6506.0,6619.0
Casablanca,2025-04-01,5703.0,6359.0
Casablanca,2025-04-02,3692.0,5135.0
Casablanca,2025-04-03,5174.0,5124.0
Casablanca,2025-04-04,5882.0,6730.0
Casablanca,2025-04-05,5821.0,6583.0
Casablanca,2025-04-06,6276.0,6333.0
Casablanca,2025-04-07,6721.0,6812.0
Casablanca,2025-04-08,6720.0,6132.0
Casablanca,2025-04-09,3662.0,5489.0
Casablanca,2025-04-10,4281.0,5027.0
Casablanca,2025-04-11,5241.0,5180.0
Casablanca,2025-04-12,5453.0,5950.0
Casablanca,2025-04-13,5215.0,4897.0
Casablanca,2025-04-14,5448.0,6230.0
Casablanca,2025-04-15,5635.0,4589.0
Casablanca,2025-04-16,6630.0,6780.0
Casablanca,2025-04-17,6892.0,5635.0
Casablanca,2025-04-18,6633.0,5352.0
Casablanca,2025-04-19,5427.0,6148.0
Casablanca,2025-04-20,6141.0,6172.0
Casablanca,2025-04-21,7186.0,6907.0
Casablanca,2025-04-22,6963.0,6945.0
Casablanca,2025-04-23,7392.0,7122.0
Casablanca,2025-04-24,6638.0,7226.0
Casablanca,2025-04-25,6951.0,7181.0
Casablanca,2025-04-26,6680.0,6950.0
Casablanca,2025-04-27,7587.0,7367.0
Casablanca,2025-04-28,7402.0,7551.0
Casablanca,2025-04-29,6711.0,6966.0
Casablanca,2025-04-30,3888.0,5837.0
Casablanca,2025-05-01,7403.0,7401.0
Casablanca,2025-05-02,5926.0,7340.0
Casablanca,2025-05-03,6613.0,7074.0
Casablanca,2025-05-04,6296.0,6527.0
Casablanca,2025-05-05,6881.0,6751.0
Casablanca,2025-05-06,6739.0,6521.0
Casablanca,2025-05-07,7460.0,7390.0
Casablanca,2025-05-08,5309.0,7057.0
Casablanca,2025-05-09,6617.0,6645.0
Casablanca,2025-05-10,7054.0,7375.0
Casablanca,2025-05-11,6676.0,7330.0
Casablanca,2025-05-12,7151.0,7180.0
Casablanca,2025-05-13,6175.0,6229.0
Casablanca,2025-05-14,7070.0,7047.0
Casablanca,2025-05-15,6591.0,6732.0
Casablanca,2025-05-16,7655.0,6489.0
Casablanca,2025-05-17,7710.0,7326.0
Casablanca,2025-05-18,7368.0,7437.0
Casablanca,2025-05-19,7062.0,7334.0
Casablanca,2025-05-20,7782.0,7378.0
Casablanca,2025-05-21,7712.0,7366.0
Casablanca,2025-05-22,7564.0,7251.0
Casablanca,2025-05-23,5751.0,6795.0
Casablanca,2025-05-24,7793.0,7704.0
Casablanca,2025-05-25,7854.0,7899.0
Casablanca,2025-05-26,7780.0,7711.0
Casablanca,2025-05-27,7736.0,7711.0
Casablanca,2025-05-28,6678.0,6699.0
Casablanca,2025-05-29,6685.0,6985.0
Casablanca,2025-05-30,7440.0,7418.0
Casablanca,2025-05-31,7343.0,6892.0
Casablanca,2025-06-01,7567.0,7265.0
Casablanca,2025-06-02,7151.0,6685.0
Casablanca,2025-06-03,6003.0,6264.0
Casablanca,2025-06-04,7364.0,6810.0
Casablanca,2025-06-05,7854.0,7678.0
Casablanca,2025-06-06,7769.0,7661.0
Casablanca,2025-06-07,7597.0,7605.0
Casablanca,2025-06-08,7888.0,7426.0
Casablanca,2025-06-09,7171.0,6070.0
Casablanca,2025-06-10,5829.0,5736.0
Casablanca,2025-06-11,7311.0,6800.0
Casablanca,2025-06-12,6985.0,6504.0
Casablanca,2025-06-13,7414.0,7051.0
Casablanca,2025-06-14,6932.0,7164.0
Casablanca,2025-06-15,7412.0,7697.0
Casablanca,2025-06-16,7654.0,7713.0
Casablanca,2025-06-17,7668.0,7357.0
Casablanca,2025-06-18,4698.0,4848.0
Casablanca,2025-06-19,7464.0,7258.0
Casablanca,2025-06-20,7824.0,7816.0
Casablanca,2025-06-21,7559.0,7294.0
Casablanca,2025-06-22,7241.0,7288.0
Casablanca,2025-06-23,7105.0,6621.0
Casablanca,2025-06-24,6051.0,6017.0
Casablanca,2025-06-25,7854.0,7658.0
Casablanca,2025-06-26,7868.0,7664.0
Casablanca,2025-06-27,5770.0,6454.0
Casablanca,2025-06-28,7923.0,7489.0
Casablanca,2025-06-29,7965.0,7724.0
Casablanca,2025-06-30,7772.0,7869.0
Casablanca,2025-07-01,7841.0,7841.0
Casablanca,2025-07-02,7810.0,7773.0
Casablanca,2025-07-03,7632.0,7336.0
Casablanca,2025-07-04,7768.0,7218.0
Casablanca,2025-07-05,7307.0,7153.0
Casablanca,2025-07-06,6961.0,7166.0
Casablanca,2025-07-07,7785.0,7249.0
Casablanca,2025-07-08,7476.0,7402.0
Casablanca,2025-07-09,6912.0,6557.0
Casablanca,2025-07-10,5693.0,5011.0
Casablanca,2025-07-11,6860.0,6485.0
Casablanca,2025-07-12,6550.0,6335.0
Casablanca,2025-07-13,6448.0,6873.0
Casablanca,2025-07-14,7596.0,7777.0
Casablanca,2025-07-15,7622.0,7732.0
Casablanca,2025-07-16,7631.0,7447.0
Casablanca,2025-07-17,7676.0,7709.0
Casablanca,2025-07-18,7461.0,7446.0
Casablanca,2025-07-19,7492.0,7391.0
Casablanca,2025-07-20,7024.0,7334.0
Casablanca,2025-07-21,6735.0,7192.0
Casablanca,2025-07-22,7572.0,7581.0
Casablanca,2025-07-23,7220.0,7346.0
Casablanca,2025-07-24,7250.0,7265.0
Casablanca,2025-07-25,7581.0,7659.0
Casablanca,2025-07-26,6918.0,7309.0
Casablanca,2025-07-27,6628.0,6900.0
Casablanca,2025-07-28,7346.0,7180.0
Casablanca,2025-07-29,7505.0,7337.0
Casablanca,2025-07-30,7358.0,7295.0
Casablanca,2025-07-31,7482.0,7374.0
Casablanca,2025-08-01,6785.0,7176.0
Casablanca,2025-08-02,6889.0,6892.0
Casablanca,2025-08-03,7202.0,7214.0
Casablanca,2025-08-04,7287.0,7505.0
Casablanca,2025-08-05,6718.0,7284.0
Casablanca,2025-08-06,7006.0,6914.0
Casablanca,2025-08-07,6481.0,6738.0
Casablanca,2025-08-08,7230.0,7060.0
Casablanca,2025-08-09,7241.0,7169.0
Casablanca,2025-08-10,7202.0,7002.0
Casablanca,2025-08-11,7297.0,7289.0
Casablanca,2025-08-12,7426.0,7280.0
Casablanca,2025-08-13,7206.0,7286.0
Casablanca,2025-08-14,6738.0,6678.0
Casablanca,2025-08-15,6137.0,6629.0
Casablanca,2025-08-16,6912.0,6912.0
Casablanca,2025-08-17,7033.0,7250.0
Casablanca,2025-08-18,6242.0,7046.0
Casablanca,2025-08-19,6849.0,6875.0
Casablanca,2025-08-20,6900.0,6864.0
Casablanca,2025-08-21,7012.0,6879.0
Casablanca,2025-08-22,6842.0,6696.0
Casablanca,2025-08-23,6144.0,6602.0
Casablanca,2025-08-24,4202.0,5567.0
Casablanca,2025-08-25,5729.0,6521.0
Casablanca,2025-08-26,6564.0,6617.0
Casablanca,2025-08-27,6440.0,6687.0
Casablanca,2025-08-28,6237.0,6636.0
Casablanca,2025-08-29,6793.0,6511.0
Casablanca,2025-08-30,6663.0,6727.0
Casablanca,2025-08-31,6478.0,6654.0
Casablanca,2025-09-01,6186.0,5811.0
Casablanca,2025-09-02,6767.0,6497.0
Casablanca,2025-09-03,6721.0,6521.0
Casablanca,2025-09-04,6465.0,6486.0
Casablanca,2025-09-05,6459.0,6323.0
Casablanca,2025-09-06,5387.0,5647.0
Casablanca,2025-09-07,5601.0,5793.0
Casablanca,2025-09-08,5825.0,5630.0
Casablanca,2025-09-09,5402.0,5139.0
Casablanca,2025-09-10,6256.0,6327.0
Casablanca,2025-09-11,6216.0,6179.0
Casablanca,2025-09-12,6219.0,6327.0
Casablanca,2025-09-13,6235.0,6303.0
Casablanca,2025-09-14,6281.0,5959.0
Casablanca,2025-09-15,5956.0,5908.0
Casablanca,2025-09-16,5384.0,5507.0
Casablanca,2025-09-17,5345.0,3774.0
Casablanca,2025-09-18,5526.0,4012.0
Casablanca,2025-09-19,4610.0,4327.0
Casablanca,2025-09-20,5451.0,4726.0
Casablanca,2025-09-21,4833.0,4443.0
Casablanca,2025-09-22,5820.0,5742.0
Casablanca,2025-09-23,5592.0,5373.0
Casablanca,2025-09-24,5602.0,5476.0
Casablanca,2025-09-25,5740.0,5589.0
Casablanca,2025-09-26,5522.0,5597.0
Casablanca,2025-09-27,5667.0,5356.0
Casablanca,2025-09-28,3441.0,4626.0
Casablanca,2025-09-29,4951.0,5294.0
Casablanca,2025-09-30,5385.0,5441.0
Casablanca,2025-10-01,5441.0,5377.0
Casablanca,2025-10-02,5124.0,4465.0
Casablanca,2025-10-03,4854.0,5227.0
Casablanca,2025-10-04,4879.0,5079.0
Casablanca,2025-10-05,5222.0,4976.0
Casablanca,2025-10-06,5243.0,5017.0
Casablanca,2025-10-07,4878.0,4916.0
Casablanca,2025-10-08,4225.0,3953.0
Casablanca,2025-10-09,4086.0,4185.0
Casablanca,2025-10-10,4779.0,4891.0
Casablanca,2025-10-11,4962.0,5048.0
Casablanca,2025-10-12,4861.0,4475.0
Casablanca,2025-10-13,4696.0,4288.0
Casablanca,2025-10-14,4869.0,3840.0
Casablanca,2025-10-15,4540.0,3863.0
Casablanca,2025-10-16,4885.0,3931.0
Casablanca,2025-10-17,4461.0,3852.0
Casablanca,2025-10-18,4300.0,3827.0
Casablanca,2025-10-19,4414.0,4353.0
Casablanca,2025-10-20,4011.0,4236.0
Casablanca,2025-10-21,4483.0,4362.0
Casablanca,2025-10-22,4543.0,4573.0
Casablanca,2025-10-23,4619.0,4518.0
Casablanca,2025-10-24,4227.0,4403.0
Casablanca,2025-10-25,4234.0,4396.0
Casablanca,2025-10-26,3512.0,3732.0
Casablanca,2025-10-27,4181.0,3996.0
Casablanca,2025-10-28,3157.0,3148.0
Casablanca,2025-10-29,2857.0,3562.0
Casablanca,2025-10-30,3752.0,4119.0
Casablanca,2025-10-31,4170.0,3930.0
Casablanca,2025-11-01,3530.0,3624.0
Casablanca,2025-11-02,4090.0,3857.0
Casablanca,2025-11-03,4075.0,3880.0
Casablanca,2025-11-04,4029.0,3833.0
Casablanca,2025-11-05,3920.0,3633.0
Casablanca,2025-11-06,3731.0,3887.0
Casablanca,2025-11-07,3417.0,3842.0
Casablanca,2025-11-08,4041.0,4090.0
Casablanca,2025-11-09,3812.0,3527.0
Casablanca,2025-11-10,4011.0,3800.0
Casablanca,2025-11-11,3988.0,4071.0
Casablanca,2025-11-12,3876.0,3931.0
Casablanca,2025-11-13,422.0,2679.0
Casablanca,2025-11-14,3633.0,3651.0
Casablanca,2025-11-15,3642.0,3663.0
Casablanca,2025-11-16,3336.0,3595.0
Casablanca,2025-11-17,3119.0,3009.0
Casablanca,2025-11-18,3407.0,3438.0
Casablanca,2025-11-19,3414.0,3586.0
Casablanca,2025-11-20,3184.0,3412.0
Casablanca,2025-11-21,3586.0,3495.0
Casablanca,2025-11-22,3744.0,3539.0
Casablanca,2025-11-23,3724.0,3547.0
Casablanca,2025-11-24,3642.0,3529.0
Casablanca,2025-11-25,2524.0,2951.0
Casablanca,2025-11-26,3620.0,3390.0
Casablanca,2025-11-27,3605.0,3458.0
Casablanca,2025-11-28,3525.0,3454.0
Casablanca,2025-11-29,3183.0,3246.0
Casablanca,2025-11-30,2145.0,2312.0
Casablanca,2025-12-01,3482.0,3402.0
Casablanca,2025-12-02,3028.0,3167.0
Casablanca,2025-12-03,2908.0,3115.0
Casablanca,2025-12-04,3408.0,3374.0
Casablanca,2025-12-05,3393.0,3366.0
Casablanca,2025-12-06,3388.0,3144.0
Casablanca,2025-12-07,3296.0,3099.0
Casablanca,2025-12-08,3363.0,3304.0
Casablanca,2025-12-09,3225.0,3199.0
Casablanca,2025-12-10,1095.0,2014.0
Casablanca,2025-12-11,2174.0,2648.0
Casablanca,2025-12-12,831.0,2028.0
Casablanca,2025-12-13,2303.0,2191.0
Casablanca,2025-12-14,2819.0,2869.0
Casablanca,2025-12-15,2628.0,2364.0
Casablanca,2025-12-16,1653.0,1882.0
Casablanca,2025-12-17,2704.0,2660.0
Casablanca,2025-12-18,3165.0,2578.0
Casablanca,2025-12-19,2132.0,2431.0
Casablanca,2025-12-20,2830.0,2973.0
Casablanca,2025-12-21,2021.0,2255.0
Casablanca,2025-12-22,2704.0,2837.0
Casablanca,2025-12-23,2469.0,2294.0
Casablanca,2025-12-24,2279.0,2150.0
Casablanca,2025-12-25,2889.0,2997.0
Casablanca,2025-12-26,2092.0,2172.0
Casablanca,2025-12-27,2299.0,2150.0
Casablanca,2025-12-28,2188.0,2417.0
Casablanca,2025-12-29,2513.0,2368.0
Casablanca,2025-12-30,2694.0,2571.0
Casablanca,2025-12-31,1934.0,2245.0
Dakhla,2025-01-01,3950.0,3742.0
Dakhla,2025-01-02,4477.0,4373.0
Dakhla,2025-01-03,4495.0,4414.0
Dakhla,2025-01-04,4498.0,3934.0
Dakhla,2025-01-05,4492.0,3904.0
Dakhla,2025-01-06,4528.0,4013.0
Dakhla,2025-01-07,4539.0,4213.0
Dakhla,2025-01-08,4085.0,4010.0
Dakhla,2025-01-09,4651.0,4522.0
Dakhla,2025-01-10,4726.0,4520.0
Dakhla,2025-01-11,4709.0,4530.0
Dakhla,2025-01-12,4713.0,4594.0
Dakhla,2025-01-13,4510.0,4356.0
Dakhla,2025-01-14,4545.0,4328.0
Dakhla,2025-01-15,4619.0,4269.0
Dakhla,2025-01-16,4712.0,4595.0
Dakhla,2025-01-17,4857.0,4421.0
Dakhla,2025-01-18,4659.0,4616.0
Dakhla,2025-01-19,4687.0,4564.0
Dakhla,2025-01-20,4708.0,4453.0
Dakhla,2025-01-21,4350.0,4500.0
Dakhla,2025-01-22,3886.0,4241.0
Dakhla,2025-01-23,4728.0,4625.0
Dakhla,2025-01-24,4807.0,4707.0
Dakhla,2025-01-25,4843.0,4747.0
Dakhla,2025-01-26,4857.0,4757.0
Dakhla,2025-01-27,5000.0,4890.0
Dakhla,2025-01-28,5015.0,5008.0
Dakhla,2025-01-29,5026.0,4849.0
Dakhla,2025-01-30,5066.0,4864.0
Dakhla,2025-01-31,5081.0,4880.0
Dakhla,2025-02-01,5112.0,5014.0
Dakhla,2025-02-02,5189.0,5185.0
Dakhla,2025-02-03,5085.0,5261.0
Dakhla,2025-02-04,5134.0,5299.0
Dakhla,2025-02-05,5243.0,5334.0
Dakhla,2025-02-06,5352.0,5302.0
Dakhla,2025-02-07,5458.0,5147.0
Dakhla,2025-02-08,5500.0,5287.0
Dakhla,2025-02-09,5568.0,5335.0
Dakhla,2025-02-10,5626.0,5333.0
Dakhla,2025-02-11,5699.0,5354.0
Dakhla,2025-02-12,5717.0,5384.0
Dakhla,2025-02-13,5711.0,5404.0
Dakhla,2025-02-14,5725.0,5496.0
Dakhla,2025-02-15,5640.0,5578.0
Dakhla,2025-02-16,5593.0,5637.0
Dakhla,2025-02-17,5772.0,5678.0
Dakhla,2025-02-18,5590.0,5608.0
Dakhla,2025-02-19,5731.0,5747.0
Dakhla,2025-02-20,5784.0,5725.0
Dakhla,2025-02-21,5870.0,5714.0
Dakhla,2025-02-22,5950.0,5682.0
Dakhla,2025-02-23,5905.0,5743.0
Dakhla,2025-02-24,5906.0,5736.0
Dakhla,2025-02-25,6068.0,5846.0
Dakhla,2025-02-26,6068.0,5742.0
Dakhla,2025-02-27,6094.0,5779.0
Dakhla,2025-02-28,6095.0,5987.0
Dakhla,2025-03-01,6103.0,5914.0
Dakhla,2025-03-02,6113.0,5754.0
Dakhla,2025-03-03,5676.0,5823.0
Dakhla,2025-03-04,6027.0,6022.0
Dakhla,2025-03-05,5911.0,6095.0
Dakhla,2025-03-06,6253.0,6153.0
Dakhla,2025-03-07,6236.0,6154.0
Dakhla,2025-03-08,6215.0,6260.0
Dakhla,2025-03-09,6263.0,6166.0
Dakhla,2025-03-10,6165.0,6120.0
Dakhla,2025-03-11,6388.0,6365.0
Dakhla,2025-03-12,6397.0,6416.0
Dakhla,2025-03-13,6027.0,6447.0
Dakhla,2025-03-14,6369.0,6472.0
Dakhla,2025-03-15,6508.0,6428.0
Dakhla,2025-03-16,6583.0,6474.0
Dakhla,2025-03-17,6510.0,6523.0
Dakhla,2025-03-18,6739.0,6530.0
Dakhla,2025-03-19,6736.0,6547.0
Dakhla,2025-03-20,6623.0,6483.0
Dakhla,2025-03-21,6631.0,6544.0
Dakhla,2025-03-22,6810.0,6555.0
Dakhla,2025-03-23,6688.0,6585.0
Dakhla,2025-03-24,6803.0,6645.0
Dakhla,2025-03-25,6786.0,6689.0
Dakhla,2025-03-26,6866.0,6708.0
Dakhla,2025-03-27,6954.0,6728.0
Dakhla,2025-03-28,6714.0,6284.0
Dakhla,2025-03-29,6827.0,6427.0
Dakhla,2025-03-30,6684.0,6594.0
Dakhla,2025-03-31,7038.0,6866.0
Dakhla,2025-04-01,6805.0,6128.0
Dakhla,2025-04-02,7052.0,6920.0
Dakhla,2025-04-03,6902.0,6000.0
Dakhla,2025-04-04,7012.0,5654.0
Dakhla,2025-04-05,2590.0,5977.0
Dakhla,2025-04-06,7285.0,7059.0
Dakhla,2025-04-07,7371.0,6975.0
Dakhla,2025-04-08,7304.0,6954.0
Dakhla,2025-04-09,6999.0,6930.0
Dakhla,2025-04-10,6729.0,7098.0
Dakhla,2025-04-11,7102.0,7309.0
Dakhla,2025-04-12,7269.0,7433.0
Dakhla,2025-04-13,7258.0,7454.0
Dakhla,2025-04-14,7422.0,7254.0
Dakhla,2025-04-15,7396.0,7187.0
Dakhla,2025-04-16,7002.0,6828.0
Dakhla,2025-04-17,7499.0,7449.0
Dakhla,2025-04-18,7260.0,7438.0
Dakhla,2025-04-19,6087.0,6823.0
Dakhla,2025-04-20,7549.0,7243.0
Dakhla,2025-04-21,7231.0,6378.0
Dakhla,2025-04-22,7487.0,7338.0
Dakhla,2025-04-23,7597.0,7370.0
Dakhla,2025-04-24,7644.0,7245.0
Dakhla,2025-04-25,7613.0,7149.0
Dakhla,2025-04-26,7588.0,7330.0
Dakhla,2025-04-27,7487.0,6974.0
Dakhla,2025-04-28,6828.0,5552.0
Dakhla,2025-04-29,6161.0,5172.0
Dakhla,2025-04-30,7548.0,6547.0
Dakhla,2025-05-01,6780.0,6248.0
Dakhla,2025-05-02,6698.0,6606.0
Dakhla,2025-05-03,7450.0,7808.0
Dakhla,2025-05-04,7229.0,7189.0
Dakhla,2025-05-05,6959.0,5999.0
Dakhla,2025-05-06,6321.0,5446.0
Dakhla,2025-05-07,7142.0,6814.0
Dakhla,2025-05-08,7650.0,7271.0
Dakhla,2025-05-09,7191.0,6359.0
Dakhla,2025-05-10,5328.0,4692.0
Dakhla,2025-05-11,7077.0,5699.0
Dakhla,2025-05-12,7417.0,6204.0
Dakhla,2025-05-13,7558.0,6631.0
Dakhla,2025-05-14,7801.0,7375.0
Dakhla,2025-05-15,7961.0,7761.0
Dakhla,2025-05-16,7913.0,7573.0
Dakhla,2025-05-17,7516.0,6978.0
Dakhla,2025-05-18,7917.0,7777.0
Dakhla,2025-05-19,7966.0,7815.0
Dakhla,2025-05-20,6695.0,6669.0
Dakhla,2025-05-21,7310.0,7434.0
Dakhla,2025-05-22,7363.0,7233.0
Dakhla,2025-05-23,7681.0,7482.0
Dakhla,2025-05-24,7327.0,6964.0
Dakhla,2025-05-25,7594.0,7591.0
Dakhla,2025-05-26,5812.0,6820.0
Dakhla,2025-05-27,7110.0,6997.0
Dakhla,2025-05-28,7824.0,7751.0
Dakhla,2025-05-29,7867.0,7733.0
Dakhla,2025-05-30,7377.0,7136.0
Dakhla,2025-05-31,7634.0,7618.0
Dakhla,2025-06-01,7507.0,7730.0
Dakhla,2025-06-02,7569.0,7713.0
Dakhla,2025-06-03,7485.0,7622.0
Dakhla,2025-06-04,7543.0,7663.0
Dakhla,2025-06-05,7657.0,7697.0
Dakhla,2025-06-06,7350.0,7424.0
Dakhla,2025-06-07,7038.0,7253.0
Dakhla,2025-06-08,7466.0,6659.0
Dakhla,2025-06-09,7538.0,6647.0
Dakhla,2025-06-10,7543.0,6630.0
Dakhla,2025-06-11,7628.0,7234.0
Dakhla,2025-06-12,7633.0,7310.0
Dakhla,2025-06-13,7181.0,6649.0
Dakhla,2025-06-14,7770.0,7374.0
Dakhla,2025-06-15,7388.0,7028.0
Dakhla,2025-06-16,7541.0,7602.0
Dakhla,2025-06-17,7407.0,7506.0
Dakhla,2025-06-18,7224.0,7214.0
Dakhla,2025-06-19,7382.0,7399.0
Dakhla,2025-06-20,7356.0,7349.0
Dakhla,2025-06-21,6487.0,7084.0
Dakhla,2025-06-22,6791.0,7175.0
Dakhla,2025-06-23,7325.0,7362.0
Dakhla,2025-06-24,7205.0,7215.0
Dakhla,2025-06-25,7330.0,7300.0
Dakhla,2025-06-26,6808.0,6910.0
Dakhla,2025-06-27,7001.0,7087.0
Dakhla,2025-06-28,7243.0,7293.0
Dakhla,2025-06-29,7175.0,7253.0
Dakhla,2025-06-30,6224.0,6647.0
Dakhla,2025-07-01,6542.0,6463.0
Dakhla,2025-07-02,7158.0,7098.0
Dakhla,2025-07-03,6908.0,6894.0
Dakhla,2025-07-04,6765.0,6598.0
Dakhla,2025-07-05,6922.0,6967.0
Dakhla,2025-07-06,7076.0,7245.0
Dakhla,2025-07-07,6398.0,6433.0
Dakhla,2025-07-08,6891.0,6777.0
Dakhla,2025-07-09,6390.0,6327.0
Dakhla,2025-07-10,6918.0,6903.0
Dakhla,2025-07-11,6912.0,6840.0
Dakhla,2025-07-12,6878.0,6832.0
Dakhla,2025-07-13,6941.0,6806.0
Dakhla,2025-07-14,6920.0,6775.0
Dakhla,2025-07-15,6523.0,6649.0
Dakhla,2025-07-16,6542.0,6803.0
Dakhla,2025-07-17,6677.0,6747.0
Dakhla,2025-07-18,6830.0,6795.0
Dakhla,2025-07-19,6786.0,6813.0
Dakhla,2025-07-20,6847.0,6754.0
Dakhla,2025-07-21,6778.0,6739.0
Dakhla,2025-07-22,6457.0,6622.0
Dakhla,2025-07-23,6785.0,6749.0
Dakhla,2025-07-24,5702.0,6459.0
Dakhla,2025-07-25,6497.0,6202.0
Dakhla,2025-07-26,6265.0,6759.0
Dakhla,2025-07-27,6116.0,6709.0
Dakhla,2025-07-28,6422.0,6727.0
Dakhla,2025-07-29,6868.0,6776.0
Dakhla,2025-07-30,6826.0,6745.0
Dakhla,2025-07-31,5230.0,5912.0
Dakhla,2025-08-01,6802.0,6769.0
Dakhla,2025-08-02,6787.0,6785.0
Dakhla,2025-08-03,6717.0,6635.0
Dakhla,2025-08-04,6508.0,6578.0
Dakhla,2025-08-05,6247.0,6574.0
Dakhla,2025-08-06,6651.0,6723.0
Dakhla,2025-08-07,6295.0,6611.0
Dakhla,2025-08-08,6663.0,6650.0
Dakhla,2025-08-09,6861.0,6748.0
Dakhla,2025-08-10,6392.0,6508.0
Dakhla,2025-08-11,6394.0,6353.0
Dakhla,2025-08-12,6683.0,6602.0
Dakhla,2025-08-13,5269.0,6090.0
Dakhla,2025-08-14,6752.0,6704.0
Dakhla,2025-08-15,6554.0,6443.0
Dakhla,2025-08-16,6209.0,5716.0
Dakhla,2025-08-17,6612.0,6560.0
Dakhla,2025-08-18,6406.0,6510.0
Dakhla,2025-08-19,6651.0,6511.0
Dakhla,2025-08-20,6644.0,6513.0
Dakhla,2025-08-21,6478.0,6475.0
Dakhla,2025-08-22,3896.0,5126.0
Dakhla,2025-08-23,6440.0,6398.0
Dakhla,2025-08-24,6545.0,6524.0
Dakhla,2025-08-25,6534.0,6518.0
Dakhla,2025-08-26,6202.0,6418.0
Dakhla,2025-08-27,6597.0,6515.0
Dakhla,2025-08-28,6377.0,6536.0
Dakhla,2025-08-29,6141.0,6109.0
Dakhla,2025-08-30,6482.0,6531.0
Dakhla,2025-08-31,6196.0,6402.0
Dakhla,2025-09-01,6410.0,6413.0
Dakhla,2025-09-02,6488.0,6451.0
Dakhla,2025-09-03,6439.0,6456.0
Dakhla,2025-09-04,6103.0,6406.0
Dakhla,2025-09-05,5976.0,6176.0
Dakhla,2025-09-06,6278.0,6432.0
Dakhla,2025-09-07,6155.0,6369.0
Dakhla,2025-09-08,5929.0,6270.0
Dakhla,2025-09-09,4115.0,5215.0
Dakhla,2025-09-10,5848.0,6242.0
Dakhla,2025-09-11,6072.0,6298.0
Dakhla,2025-09-12,5498.0,6131.0
Dakhla,2025-09-13,5622.0,6091.0
Dakhla,2025-09-14,5569.0,6013.0
Dakhla,2025-09-15,5588.0,5759.0
Dakhla,2025-09-16,6142.0,6136.0
Dakhla,2025-09-17,5351.0,5725.0
Dakhla,2025-09-18,5221.0,5789.0
Dakhla,2025-09-19,6115.0,5880.0
Dakhla,2025-09-20,5368.0,5876.0
Dakhla,2025-09-21,6084.0,5998.0
Dakhla,2025-09-22,6070.0,6133.0
Dakhla,2025-09-23,6066.0,6118.0
Dakhla,2025-09-24,6080.0,6035.0
Dakhla,2025-09-25,6056.0,5983.0
Dakhla,2025-09-26,5988.0,5935.0
Dakhla,2025-09-27,5855.0,5523.0
Dakhla,2025-09-28,6186.0,5719.0
Dakhla,2025-09-29,5942.0,5927.0
Dakhla,2025-09-30,5926.0,5953.0
Dakhla,2025-10-01,4596.0,5067.0
Dakhla,2025-10-02,5115.0,5460.0
Dakhla,2025-10-03,5391.0,5710.0
Dakhla,2025-10-04,5770.0,5851.0
Dakhla,2025-10-05,5890.0,5784.0
Dakhla,2025-10-06,5877.0,5754.0
Dakhla,2025-10-07,5832.0,5751.0
Dakhla,2025-10-08,5776.0,5730.0
Dakhla,2025-10-09,5665.0,5727.0
Dakhla,2025-10-10,5689.0,5700.0
Dakhla,2025-10-11,5832.0,5687.0
Dakhla,2025-10-12,5825.0,5630.0
Dakhla,2025-10-13,5726.0,5539.0
Dakhla,2025-10-14,5420.0,5286.0
Dakhla,2025-10-15,4612.0,5180.0
Dakhla,2025-10-16,5369.0,4623.0
Dakhla,2025-10-17,5238.0,5412.0
Dakhla,2025-10-18,5348.0,5294.0
Dakhla,2025-10-19,5411.0,5495.0
Dakhla,2025-10-20,5405.0,5393.0
Dakhla,2025-10-21,5418.0,5408.0
Dakhla,2025-10-22,5386.0,5411.0
Dakhla,2025-10-23,5364.0,5282.0
Dakhla,2025-10-24,5325.0,5349.0
Dakhla,2025-10-25,4550.0,5236.0
Dakhla,2025-10-26,4759.0,5327.0
Dakhla,2025-10-27,4571.0,4947.0
Dakhla,2025-10-28,4781.0,4614.0
Dakhla,2025-10-29,4992.0,4542.0
Dakhla,2025-10-30,4464.0,4063.0
Dakhla,2025-10-31,5084.0,4466.0
Dakhla,2025-11-01,5185.0,5203.0
Dakhla,2025-11-02,5233.0,5157.0
Dakhla,2025-11-03,4452.0,4424.0
Dakhla,2025-11-04,5168.0,5156.0
Dakhla,2025-11-05,5006.0,5117.0
Dakhla,2025-11-06,5067.0,5007.0
Dakhla,2025-11-07,5015.0,5024.0
Dakhla,2025-11-08,5019.0,5034.0
Dakhla,2025-11-09,4900.0,5018.0
Dakhla,2025-11-10,4991.0,4970.0
Dakhla,2025-11-11,4887.0,4930.0
Dakhla,2025-11-12,4512.0,4845.0
Dakhla,2025-11-13,4859.0,4880.0
Dakhla,2025-11-14,4693.0,4853.0
Dakhla,2025-11-15,4821.0,4928.0
Dakhla,2025-11-16,4761.0,4902.0
Dakhla,2025-11-17,4741.0,4820.0
Dakhla,2025-11-18,4767.0,4761.0
Dakhla,2025-11-19,4747.0,4728.0
Dakhla,2025-11-20,4748.0,4669.0
Dakhla,2025-11-21,4685.0,4637.0
Dakhla,2025-11-22,3023.0,3994.0
Dakhla,2025-11-23,4076.0,4300.0
Dakhla,2025-11-24,2787.0,3554.0
Dakhla,2025-11-25,1972.0,4069.0
Dakhla,2025-11-26,4389.0,4611.0
Dakhla,2025-11-27,4477.0,4639.0
Dakhla,2025-11-28,4557.0,4609.0
Dakhla,2025-11-29,4525.0,4601.0
Dakhla,2025-11-30,4514.0,4379.0
Dakhla,2025-12-01,4538.0,4501.0
Dakhla,2025-12-02,3882.0,3782.0
Dakhla,2025-12-03,2166.0,3676.0
Dakhla,2025-12-04,4324.0,4416.0
Dakhla,2025-12-05,4275.0,4425.0
Dakhla,2025-12-06,4437.0,4501.0
Dakhla,2025-12-07,4506.0,4496.0
Dakhla,2025-12-08,4480.0,4413.0
Dakhla,2025-12-09,4510.0,4436.0
Dakhla,2025-12-10,4475.0,4422.0
Dakhla,2025-12-11,4369.0,4281.0
Dakhla,2025-12-12,4326.0,4351.0
Dakhla,2025-12-13,3843.0,4331.0
Dakhla,2025-12-14,4242.0,4416.0
Dakhla,2025-12-15,4334.0,4325.0
Dakhla,2025-12-16,4353.0,4310.0
Dakhla,2025-12-17,4288.0,4272.0
Dakhla,2025-12-18,4374.0,4250.0
Dakhla,2025-12-19,4320.0,2849.0
Dakhla,2025-12-20,4333.0,2791.0
Dakhla,2025-12-21,4383.0,4306.0
Dakhla,2025-12-22,4227.0,2559.0
Dakhla,2025-12-23,4423.0,4413.0
Dakhla,2025-12-24,4341.0,4232.0
Dakhla,2025-12-25,4140.0,4283.0
Dakhla,2025-12-26,4422.0,4490.0
Dakhla,2025-12-27,4402.0,4491.0
Dakhla,2025-12-28,4351.0,4423.0
Dakhla,2025-12-29,4240.0,3820.0
Dakhla,2025-12-30,4424.0,4399.0
Dakhla,2025-12-31,4470.0,4433.0
Errachidia,2025-01-01,3741.0,3016.0
Errachidia,2025-01-02,3829.0,3825.0
Errachidia,2025-01-03,3885.0,3832.0
Errachidia,2025-01-04,3821.0,3586.0
Errachidia,2025-01-05,3594.0,3440.0
Errachidia,2025-01-06,3196.0,3852.0
Errachidia,2025-01-07,3943.0,3934.0
Errachidia,2025-01-08,3801.0,3745.0
Errachidia,2025-01-09,3968.0,3899.0
Errachidia,2025-01-10,3983.0,3889.0
Errachidia,2025-01-11,3934.0,3914.0
Errachidia,2025-01-12,3985.0,3956.0
Errachidia,2025-01-13,3854.0,3987.0
Errachidia,2025-01-14,4019.0,3993.0
Errachidia,2025-01-15,4127.0,4110.0
Errachidia,2025-01-16,4133.0,4152.0
Errachidia,2025-01-17,4159.0,4217.0
Errachidia,2025-01-18,3315.0,4141.0
Errachidia,2025-01-19,4190.0,4228.0
Errachidia,2025-01-20,4105.0,3655.0
Errachidia,2025-01-21,4218.0,4269.0
Errachidia,2025-01-22,4124.0,4238.0
Errachidia,2025-01-23,4313.0,4334.0
Errachidia,2025-01-24,4350.0,4393.0
Errachidia,2025-01-25,4339.0,4381.0
Errachidia,2025-01-26,4293.0,3848.0
Errachidia,2025-01-27,4301.0,3768.0
Errachidia,2025-01-28,4064.0,4241.0
Errachidia,2025-01-29,4548.0,4341.0
Errachidia,2025-01-30,4383.0,4405.0
Errachidia,2025-01-31,4585.0,4567.0
Errachidia,2025-02-01,4637.0,4631.0
Errachidia,2025-02-02,4407.0,4655.0
Errachidia,2025-02-03,4630.0,4658.0
Errachidia,2025-02-04,4651.0,4707.0
Errachidia,2025-02-05,4716.0,4735.0
Errachidia,2025-02-06,4699.0,4670.0
Errachidia,2025-02-07,4869.0,4776.0
Errachidia,2025-02-08,4902.0,4785.0
Errachidia,2025-02-09,4962.0,4711.0
Errachidia,2025-02-10,4972.0,4704.0
Errachidia,2025-02-11,4790.0,4582.0
Errachidia,2025-02-12,4984.0,4915.0
Errachidia,2025-02-13,5087.0,5047.0
Errachidia,2025-02-14,5119.0,5152.0
Errachidia,2025-02-15,4505.0,4894.0
Errachidia,2025-02-16,2460.0,3421.0
Errachidia,2025-02-17,5209.0,5051.0
Errachidia,2025-02-18,4633.0,4824.0
Errachidia,2025-02-19,4321.0,3867.0
Errachidia,2025-02-20,5037.0,5143.0
Errachidia,2025-02-21,5092.0,5071.0
Errachidia,2025-02-22,4260.0,4347.0
Errachidia,2025-02-23,3369.0,4918.0
Errachidia,2025-02-24,5421.0,5080.0
Errachidia,2025-02-25,5403.0,5289.0
Errachidia,2025-02-26,5500.0,5302.0
Errachidia,2025-02-27,5478.0,5145.0
Errachidia,2025-02-28,4244.0,5233.0
Errachidia,2025-03-01,5245.0,5267.0
Errachidia,2025-03-02,5413.0,5067.0
Errachidia,2025-03-03,4999.0,5416.0
Errachidia,2025-03-04,5374.0,5006.0
Errachidia,2025-03-05,4148.0,4757.0
Errachidia,2025-03-06,4839.0,5295.0
Errachidia,2025-03-07,5554.0,5385.0
Errachidia,2025-03-08,5383.0,5593.0
Errachidia,2025-03-09,5996.0,5789.0
Errachidia,2025-03-10,5199.0,5795.0
Errachidia,2025-03-11,4471.0,5160.0
Errachidia,2025-03-12,5032.0,5698.0
Errachidia,2025-03-13,6080.0,6034.0
Errachidia,2025-03-14,5842.0,5935.0
Errachidia,2025-03-15,6273.0,6093.0
Errachidia,2025-03-16,6281.0,6085.0
Errachidia,2025-03-17,6277.0,6200.0
Errachidia,2025-03-18,6463.0,6150.0
Errachidia,2025-03-19,6301.0,6247.0
Errachidia,2025-03-20,6473.0,6382.0
Errachidia,2025-03-21,6634.0,6403.0
Errachidia,2025-03-22,6064.0,5952.0
Errachidia,2025-03-23,6505.0,6479.0
Errachidia,2025-03-24,5877.0,5751.0
Errachidia,2025-03-25,6070.0,5648.0
Errachidia,2025-03-26,6797.0,6446.0
Errachidia,2025-03-27,6848.0,6430.0
Errachidia,2025-03-28,6846.0,6776.0
Errachidia,2025-03-29,6163.0,5894.0
Errachidia,2025-03-30,7020.0,6809.0
Errachidia,2025-03-31,6997.0,6972.0
Errachidia,2025-04-01,6998.0,6631.0
Errachidia,2025-04-02,6991.0,6823.0
Errachidia,2025-04-03,7068.0,7017.0
Errachidia,2025-04-04,6892.0,7004.0
Errachidia,2025-04-05,6683.0,6917.0
Errachidia,2025-04-06,5919.0,6530.0
Errachidia,2025-04-07,6638.0,6753.0
Errachidia,2025-04-08,7109.0,6574.0
Errachidia,2025-04-09,6195.0,6404.0
Errachidia,2025-04-10,5179.0,4363.0
Errachidia,2025-04-11,3829.0,4583.0
Errachidia,2025-04-12,1559.0,2603.0
Errachidia,2025-04-13,5710.0,4876.0
Errachidia,2025-04-14,6707.0,6795.0
Errachidia,2025-04-15,7120.0,6802.0
Errachidia,2025-04-16,7281.0,6104.0
Errachidia,2025-04-17,7462.0,6720.0
Errachidia,2025-04-18,7407.0,7167.0
Errachidia,2025-04-19,7262.0,7301.0
Errachidia,2025-04-20,7666.0,7258.0
Errachidia,2025-04-21,7605.0,7238.0
Errachidia,2025-04-22,7606.0,7570.0
Errachidia,2025-04-23,7490.0,7519.0
Errachidia,2025-04-24,5884.0,6939.0
Errachidia,2025-04-25,6704.0,7185.0
Errachidia,2025-04-26,7465.0,7447.0
Errachidia,2025-04-27,7624.0,7457.0
Errachidia,2025-04-28,7501.0,7510.0
Errachidia,2025-04-29,5601.0,7039.0
Errachidia,2025-04-30,5272.0,6207.0
Errachidia,2025-05-01,4452.0,5143.0
Errachidia,2025-05-02,7223.0,6989.0
Errachidia,2025-05-03,7493.0,7338.0
Errachidia,2025-05-04,7584.0,7556.0
Errachidia,2025-05-05,7482.0,7412.0
Errachidia,2025-05-06,6630.0,6377.0
Errachidia,2025-05-07,7426.0,7821.0
Errachidia,2025-05-08,7522.0,7622.0
Errachidia,2025-05-09,7220.0,6823.0
Errachidia,2025-05-10,5949.0,5032.0
Errachidia,2025-05-11,7781.0,7619.0
Errachidia,2025-05-12,7756.0,7771.0
Errachidia,2025-05-13,7710.0,7490.0
Errachidia,2025-05-14,7916.0,7391.0
Errachidia,2025-05-15,8028.0,7439.0
Errachidia,2025-05-16,7855.0,7250.0
Errachidia,2025-05-17,7564.0,7255.0
Errachidia,2025-05-18,7838.0,7692.0
Errachidia,2025-05-19,7711.0,7677.0
Errachidia,2025-05-20,8014.0,7961.0
Errachidia,2025-05-21,7989.0,7698.0
Errachidia,2025-05-22,7887.0,7623.0
Errachidia,2025-05-23,7753.0,8085.0
Errachidia,2025-05-24,8066.0,7862.0
Errachidia,2025-05-25,7999.0,8089.0
Errachidia,2025-05-26,7229.0,7596.0
Errachidia,2025-05-27,7354.0,7712.0
Errachidia,2025-05-28,7874.0,7904.0
Errachidia,2025-05-29,7718.0,7751.0
Errachidia,2025-05-30,6742.0,7433.0
Errachidia,2025-05-31,6916.0,7688.0
Errachidia,2025-06-01,8060.0,8084.0
Errachidia,2025-06-02,8138.0,8157.0
Errachidia,2025-06-03,8216.0,8138.0
Errachidia,2025-06-04,7917.0,7760.0
Errachidia,2025-06-05,7936.0,8112.0
Errachidia,2025-06-06,7863.0,7748.0
Errachidia,2025-06-07,7665.0,7527.0
Errachidia,2025-06-08,7725.0,7647.0
Errachidia,2025-06-09,7680.0,6776.0
Errachidia,2025-06-10,6634.0,5775.0
Errachidia,2025-06-11,7498.0,7169.0
Errachidia,2025-06-12,7016.0,7462.0
Errachidia,2025-06-13,7852.0,7183.0
Errachidia,2025-06-14,6592.0,5744.0
Errachidia,2025-06-15,7254.0,6606.0
Errachidia,2025-06-16,7351.0,7362.0
Errachidia,2025-06-17,6596.0,7079.0
Errachidia,2025-06-18,6288.0,5731.0
Errachidia,2025-06-19,6741.0,5609.0
Errachidia,2025-06-20,7591.0,7271.0
Errachidia,2025-06-21,7808.0,7957.0
Errachidia,2025-06-22,7871.0,7738.0
Errachidia,2025-06-23,7739.0,7999.0
Errachidia,2025-06-24,7756.0,7808.0
Errachidia,2025-06-25,7999.0,7890.0
Errachidia,2025-06-26,7739.0,7805.0
Errachidia,2025-06-27,7375.0,7681.0
Errachidia,2025-06-28,7578.0,7673.0
Errachidia,2025-06-29,7064.0,7536.0
Errachidia,2025-06-30,7280.0,7489.0
Errachidia,2025-07-01,7377.0,7676.0
Errachidia,2025-07-02,7102.0,7681.0
Errachidia,2025-07-03,7426.0,6988.0
Errachidia,2025-07-04,7209.0,5217.0
Errachidia,2025-07-05,7791.0,7450.0
Errachidia,2025-07-06,6967.0,7012.0
Errachidia,2025-07-07,7679.0,7702.0
Errachidia,2025-07-08,7360.0,7406.0
Errachidia,2025-07-09,6941.0,7248.0
Errachidia,2025-07-10,6935.0,7444.0
Errachidia,2025-07-11,7046.0,7899.0
Errachidia,2025-07-12,7764.0,7962.0
Errachidia,2025-07-13,7947.0,7935.0
Errachidia,2025-07-14,7473.0,7702.0
Errachidia,2025-07-15,7414.0,7330.0
Errachidia,2025-07-16,7169.0,7080.0
Errachidia,2025-07-17,7588.0,7637.0
Errachidia,2025-07-18,7577.0,7190.0
Errachidia,2025-07-19,7639.0,7159.0
Errachidia,2025-07-20,7472.0,7053.0
Errachidia,2025-07-21,7171.0,7056.0
Errachidia,2025-07-22,7391.0,6785.0
Errachidia,2025-07-23,7724.0,7542.0
Errachidia,2025-07-24,7595.0,7187.0
Errachidia,2025-07-25,7229.0,7137.0
Errachidia,2025-07-26,7132.0,7167.0
Errachidia,2025-07-27,7144.0,7572.0
Errachidia,2025-07-28,7283.0,7476.0
Errachidia,2025-07-29,7640.0,7633.0
Errachidia,2025-07-30,7664.0,7643.0
Errachidia,2025-07-31,7544.0,7513.0
Errachidia,2025-08-01,7085.0,7111.0
Errachidia,2025-08-02,6442.0,6198.0
Errachidia,2025-08-03,7189.0,7142.0
Errachidia,2025-08-04,6980.0,6636.0
Errachidia,2025-08-05,7133.0,7048.0
Errachidia,2025-08-06,6538.0,6678.0
Errachidia,2025-08-07,6720.0,7092.0
Errachidia,2025-08-08,7049.0,7282.0
Errachidia,2025-08-09,7244.0,7239.0
Errachidia,2025-08-10,7008.0,7123.0
Errachidia,2025-08-11,7388.0,7323.0
Errachidia,2025-08-12,7335.0,7131.0
Errachidia,2025-08-13,7097.0,6841.0
Errachidia,2025-08-14,7375.0,7268.0
Errachidia,2025-08-15,7080.0,7116.0
Errachidia,2025-08-16,6597.0,6803.0
Errachidia,2025-08-17,7451.0,7185.0
Errachidia,2025-08-18,6986.0,6990.0
Errachidia,2025-08-19,6592.0,6698.0
Errachidia,2025-08-20,6727.0,6945.0
Errachidia,2025-08-21,7019.0,6922.0
Errachidia,2025-08-22,5481.0,6358.0
Errachidia,2025-08-23,4143.0,6166.0
Errachidia,2025-08-24,6396.0,6327.0
Errachidia,2025-08-25,3987.0,4695.0
Errachidia,2025-08-26,6928.0,6238.0
Errachidia,2025-08-27,7088.0,6558.0
Errachidia,2025-08-28,6695.0,6800.0
Errachidia,2025-08-29,7109.0,6783.0
Errachidia,2025-08-30,7094.0,6884.0
Errachidia,2025-08-31,6986.0,7079.0
Errachidia,2025-09-01,6747.0,6593.0
Errachidia,2025-09-02,6969.0,6668.0
Errachidia,2025-09-03,6949.0,6610.0
Errachidia,2025-09-04,6918.0,6545.0
Errachidia,2025-09-05,3628.0,5777.0
Errachidia,2025-09-06,6362.0,6288.0
Errachidia,2025-09-07,3429.0,5572.0
Errachidia,2025-09-08,6171.0,6120.0
Errachidia,2025-09-09,5659.0,6063.0
Errachidia,2025-09-10,6642.0,6576.0
Errachidia,2025-09-11,6540.0,6535.0
Errachidia,2025-09-12,6501.0,6552.0
Errachidia,2025-09-13,6485.0,6571.0
Errachidia,2025-09-14,6414.0,6359.0
Errachidia,2025-09-15,6432.0,6354.0
Errachidia,2025-09-16,4753.0,5084.0
Errachidia,2025-09-17,6064.0,5945.0
Errachidia,2025-09-18,5690.0,5541.0
Errachidia,2025-09-19,6047.0,5800.0
Errachidia,2025-09-20,5293.0,4728.0
Errachidia,2025-09-21,5666.0,5686.0
Errachidia,2025-09-22,5430.0,5869.0
Errachidia,2025-09-23,5739.0,5886.0
Errachidia,2025-09-24,6160.0,6236.0
Errachidia,2025-09-25,6167.0,5877.0
Errachidia,2025-09-26,5891.0,5686.0
Errachidia,2025-09-27,6003.0,5993.0
Errachidia,2025-09-28,5558.0,5629.0
Errachidia,2025-09-29,5646.0,5251.0
Errachidia,2025-09-30,5959.0,5902.0
Errachidia,2025-10-01,5942.0,5941.0
Errachidia,2025-10-02,5905.0,5746.0
Errachidia,2025-10-03,5806.0,5809.0
Errachidia,2025-10-04,5715.0,5643.0
Errachidia,2025-10-05,5697.0,5641.0
Errachidia,2025-10-06,5662.0,5692.0
Errachidia,2025-10-07,5629.0,5647.0
Errachidia,2025-10-08,5419.0,5598.0
Errachidia,2025-10-09,5573.0,5617.0
Errachidia,2025-10-10,5465.0,5513.0
Errachidia,2025-10-11,5193.0,5466.0
Errachidia,2025-10-12,5426.0,5442.0
Errachidia,2025-10-13,5203.0,4106.0
Errachidia,2025-10-14,5460.0,5176.0
Errachidia,2025-10-15,5450.0,5145.0
Errachidia,2025-10-16,2175.0,3843.0
Errachidia,2025-10-17,4453.0,4103.0
Errachidia,2025-10-18,4803.0,5010.0
Errachidia,2025-10-19,4710.0,5100.0
Errachidia,2025-10-20,5023.0,5129.0
Errachidia,2025-10-21,5010.0,5174.0
Errachidia,2025-10-22,5024.0,4986.0
Errachidia,2025-10-23,5000.0,4895.0
Errachidia,2025-10-24,4949.0,4811.0
Errachidia,2025-10-25,4983.0,4816.0
Errachidia,2025-10-26,4426.0,4539.0
Errachidia,2025-10-27,4472.0,4498.0
Errachidia,2025-10-28,4295.0,4067.0
Errachidia,2025-10-29,2333.0,3807.0
Errachidia,2025-10-30,4194.0,4780.0
Errachidia,2025-10-31,4775.0,4706.0
Errachidia,2025-11-01,4723.0,4662.0
Errachidia,2025-11-02,4694.0,4627.0
Errachidia,2025-11-03,4586.0,4622.0
Errachidia,2025-11-04,4135.0,3774.0
Errachidia,2025-11-05,3823.0,4391.0
Errachidia,2025-11-06,4416.0,4379.0
Errachidia,2025-11-07,4022.0,4218.0
Errachidia,2025-11-08,4492.0,4443.0
Errachidia,2025-11-09,4485.0,4424.0
Errachidia,2025-11-10,4361.0,4395.0
Errachidia,2025-11-11,4358.0,4324.0
Errachidia,2025-11-12,4317.0,4187.0
Errachidia,2025-11-13,2360.0,2988.0
Errachidia,2025-11-14,3981.0,3932.0
Errachidia,2025-11-15,3766.0,3807.0
Errachidia,2025-11-16,4193.0,4221.0
Errachidia,2025-11-17,4166.0,4173.0
Errachidia,2025-11-18,3733.0,3916.0
Errachidia,2025-11-19,3529.0,3915.0
Errachidia,2025-11-20,4127.0,3933.0
Errachidia,2025-11-21,4130.0,3981.0
Errachidia,2025-11-22,4070.0,3905.0
Errachidia,2025-11-23,4088.0,3893.0
Errachidia,2025-11-24,4035.0,4107.0
Errachidia,2025-11-25,4021.0,4121.0
Errachidia,2025-11-26,4014.0,4098.0
Errachidia,2025-11-27,3970.0,3834.0
Errachidia,2025-11-28,3957.0,3823.0
Errachidia,2025-11-29,3898.0,3829.0
Errachidia,2025-11-30,3008.0,3452.0
Errachidia,2025-12-01,3484.0,3381.0
Errachidia,2025-12-02,3855.0,3767.0
Errachidia,2025-12-03,3719.0,3746.0
Errachidia,2025-12-04,3870.0,3784.0
Errachidia,2025-12-05,3936.0,3809.0
Errachidia,2025-12-06,3915.0,3774.0
Errachidia,2025-12-07,3312.0,2821.0
Errachidia,2025-12-08,3773.0,3770.0
Errachidia,2025-12-09,3751.0,3770.0
Errachidia,2025-12-10,1823.0,2984.0
Errachidia,2025-12-11,2481.0,2427.0
Errachidia,2025-12-12,2523.0,3073.0
Errachidia,2025-12-13,618.0,1920.0
Errachidia,2025-12-14,1695.0,2324.0
Errachidia,2025-12-15,3237.0,3502.0
Errachidia,2025-12-16,2337.0,2514.0
Errachidia,2025-12-17,3186.0,3439.0
Errachidia,2025-12-18,2893.0,2417.0
Errachidia,2025-12-19,3380.0,3081.0
Errachidia,2025-12-20,3370.0,3701.0
Errachidia,2025-12-21,3731.0,3684.0
Errachidia,2025-12-22,2940.0,2232.0
Errachidia,2025-12-23,3639.0,3662.0
Errachidia,2025-12-24,2871.0,3440.0
Errachidia,2025-12-25,3523.0,3674.0
Errachidia,2025-12-26,3709.0,3653.0
Errachidia,2025-12-27,2984.0,3628.0
Errachidia,2025-12-28,2216.0,3361.0
Errachidia,2025-12-29,3404.0,2552.0
Errachidia,2025-12-30,2769.0,2942.0
Errachidia,2025-12-31,3445.0,3532.0
Marrakech,2025-01-01,3593.0,3323.0
Marrakech,2025-01-02,3796.0,3751.0
Marrakech,2025-01-03,3736.0,3601.0
Marrakech,2025-01-04,3258.0,3384.0
Marrakech,2025-01-05,3759.0,3684.0
Marrakech,2025-01-06,2970.0,3640.0
Marrakech,2025-01-07,3807.0,3824.0
Marrakech,2025-01-08,3741.0,3677.0
Marrakech,2025-01-09,3823.0,3810.0
Marrakech,2025-01-10,3889.0,3837.0
Marrakech,2025-01-11,3848.0,3830.0
Marrakech,2025-01-12,3830.0,3929.0
Marrakech,2025-01-13,3975.0,3938.0
Marrakech,2025-01-14,4082.0,4022.0
Marrakech,2025-01-15,4085.0,4070.0
Marrakech,2025-01-16,4063.0,4116.0
Marrakech,2025-01-17,4019.0,3998.0
Marrakech,2025-01-18,3993.0,4084.0
Marrakech,2025-01-19,4000.0,4100.0
Marrakech,2025-01-20,3987.0,4128.0
Marrakech,2025-01-21,4119.0,4176.0
Marrakech,2025-01-22,4027.0,4202.0
Marrakech,2025-01-23,4155.0,4249.0
Marrakech,2025-01-24,4210.0,4250.0
Marrakech,2025-01-25,4166.0,4200.0
Marrakech,2025-01-26,4085.0,4079.0
Marrakech,2025-01-27,4280.0,4139.0
Marrakech,2025-01-28,3845.0,4002.0
Marrakech,2025-01-29,4430.0,4113.0
Marrakech,2025-01-30,3401.0,3330.0
Marrakech,2025-01-31,4308.0,4277.0
Marrakech,2025-02-01,4531.0,4465.0
Marrakech,2025-02-02,3934.0,4306.0
Marrakech,2025-02-03,4307.0,4455.0
Marrakech,2025-02-04,4552.0,4559.0
Marrakech,2025-02-05,4598.0,4588.0
Marrakech,2025-02-06,4694.0,4602.0
Marrakech,2025-02-07,4734.0,4590.0
Marrakech,2025-02-08,4738.0,4636.0
Marrakech,2025-02-09,4795.0,4640.0
Marrakech,2025-02-10,4859.0,4624.0
Marrakech,2025-02-11,4703.0,4538.0
Marrakech,2025-02-12,4880.0,4950.0
Marrakech,2025-02-13,4942.0,5022.0
Marrakech,2025-02-14,4982.0,5074.0
Marrakech,2025-02-15,3643.0,3936.0
Marrakech,2025-02-16,2947.0,3423.0
Marrakech,2025-02-17,4870.0,4772.0
Marrakech,2025-02-18,2734.0,4498.0
Marrakech,2025-02-19,3574.0,3742.0
Marrakech,2025-02-20,5088.0,4951.0
Marrakech,2025-02-21,5007.0,4755.0
Marrakech,2025-02-22,5061.0,4612.0
Marrakech,2025-02-23,4931.0,4683.0
Marrakech,2025-02-24,5412.0,5262.0
Marrakech,2025-02-25,5307.0,4921.0
Marrakech,2025-02-26,5399.0,4696.0
Marrakech,2025-02-27,3835.0,4266.0
Marrakech,2025-02-28,3734.0,4130.0
Marrakech,2025-03-01,5023.0,4914.0
Marrakech,2025-03-02,4944.0,4734.0
Marrakech,2025-03-03,3844.0,4686.0
Marrakech,2025-03-04,5024.0,4867.0
Marrakech,2025-03-05,3715.0,3293.0
Marrakech,2025-03-06,4776.0,4589.0
Marrakech,2025-03-07,4569.0,5221.0
Marrakech,2025-03-08,3145.0,4426.0
Marrakech,2025-03-09,5061.0,4582.0
Marrakech,2025-03-10,4205.0,4917.0
Marrakech,2025-03-11,4546.0,5293.0
Marrakech,2025-03-12,5466.0,5620.0
Marrakech,2025-03-13,5629.0,5532.0
Marrakech,2025-03-14,5180.0,4725.0
Marrakech,2025-03-15,5646.0,4739.0
Marrakech,2025-03-16,5352.0,5018.0
Marrakech,2025-03-17,6012.0,5894.0
Marrakech,2025-03-18,5911.0,5666.0
Marrakech,2025-03-19,5921.0,5541.0
Marrakech,2025-03-20,6305.0,6303.0
Marrakech,2025-03-21,4427.0,5054.0
Marrakech,2025-03-22,4714.0,4964.0
Marrakech,2025-03-23,5428.0,4585.0
Marrakech,2025-03-24,6129.0,5182.0
Marrakech,2025-03-25,6559.0,6087.0
Marrakech,2025-03-26,6774.0,6499.0
Marrakech,2025-03-27,6493.0,6426.0
Marrakech,2025-03-28,6730.0,6609.0
Marrakech,2025-03-29,6766.0,6593.0
Marrakech,2025-03-30,6781.0,6782.0
Marrakech,2025-03-31,6630.0,6875.0
Marrakech,2025-04-01,6087.0,6800.0
Marrakech,2025-04-02,5645.0,6199.0
Marrakech,2025-04-03,6532.0,6479.0
Marrakech,2025-04-04,6360.0,6840.0
Marrakech,2025-04-05,5553.0,6336.0
Marrakech,2025-04-06,6729.0,6732.0
Marrakech,2025-04-07,6945.0,6859.0
Marrakech,2025-04-08,6940.0,6637.0
Marrakech,2025-04-09,4976.0,6404.0
Marrakech,2025-04-10,4298.0,5408.0
Marrakech,2025-04-11,6065.0,5897.0
Marrakech,2025-04-12,4418.0,5573.0
Marrakech,2025-04-13,6042.0,5369.0
Marrakech,2025-04-14,5545.0,5464.0
Marrakech,2025-04-15,5720.0,5065.0
Marrakech,2025-04-16,6836.0,6093.0
Marrakech,2025-04-17,6952.0,6455.0
Marrakech,2025-04-18,7152.0,7048.0
Marrakech,2025-04-19,3359.0,5440.0
Marrakech,2025-04-20,6395.0,6395.0
Marrakech,2025-04-21,7442.0,7330.0
Marrakech,2025-04-22,7406.0,7390.0
Marrakech,2025-04-23,6342.0,7190.0
Marrakech,2025-04-24,6403.0,7275.0
Marrakech,2025-04-25,6673.0,7140.0
Marrakech,2025-04-26,7312.0,7363.0
Marrakech,2025-04-27,7228.0,7398.0
Marrakech,2025-04-28,7503.0,7560.0
Marrakech,2025-04-29,6881.0,6830.0
Marrakech,2025-04-30,3729.0,4642.0
Marrakech,2025-05-01,7495.0,7656.0
Marrakech,2025-05-02,7638.0,7599.0
Marrakech,2025-05-03,6219.0,6050.0
Marrakech,2025-05-04,7338.0,6148.0
Marrakech,2025-05-05,7255.0,7270.0
Marrakech,2025-05-06,5765.0,6232.0
Marrakech,2025-05-07,7523.0,7725.0
Marrakech,2025-05-08,6836.0,6620.0
Marrakech,2025-05-09,6440.0,5319.0
Marrakech,2025-05-10,6469.0,6820.0
Marrakech,2025-05-11,6785.0,6985.0
Marrakech,2025-05-12,6597.0,6856.0
Marrakech,2025-05-13,3516.0,4541.0
Marrakech,2025-05-14,5445.0,5847.0
Marrakech,2025-05-15,7877.0,7784.0
Marrakech,2025-05-16,7875.0,7603.0
Marrakech,2025-05-17,7691.0,7527.0
Marrakech,2025-05-18,7633.0,7798.0
Marrakech,2025-05-19,7654.0,7819.0
Marrakech,2025-05-20,7741.0,7830.0
Marrakech,2025-05-21,7548.0,7444.0
Marrakech,2025-05-22,7693.0,7845.0
Marrakech,2025-05-23,7834.0,7825.0
Marrakech,2025-05-24,7830.0,7862.0
Marrakech,2025-05-25,7441.0,7600.0
Marrakech,2025-05-26,6280.0,7384.0
Marrakech,2025-05-27,6876.0,7530.0
Marrakech,2025-05-28,5718.0,6688.0
Marrakech,2025-05-29,6250.0,6884.0
Marrakech,2025-05-30,6774.0,7020.0
Marrakech,2025-05-31,7826.0,7856.0
Marrakech,2025-06-01,8038.0,7869.0
Marrakech,2025-06-02,8042.0,7870.0
Marrakech,2025-06-03,6007.0,6836.0
Marrakech,2025-06-04,7904.0,7861.0
Marrakech,2025-06-05,7927.0,7886.0
Marrakech,2025-06-06,7779.0,7851.0
Marrakech,2025-06-07,7468.0,6975.0
Marrakech,2025-06-08,7626.0,7299.0
Marrakech,2025-06-09,7040.0,6065.0
Marrakech,2025-06-10,6204.0,6324.0
Marrakech,2025-06-11,7930.0,7943.0
Marrakech,2025-06-12,7982.0,7919.0
Marrakech,2025-06-13,7164.0,6724.0
Marrakech,2025-06-14,7668.0,7325.0
Marrakech,2025-06-15,6768.0,7501.0
Marrakech,2025-06-16,6166.0,6705.0
Marrakech,2025-06-17,6039.0,6269.0
Marrakech,2025-06-18,6037.0,5565.0
Marrakech,2025-06-19,6407.0,6246.0
Marrakech,2025-06-20,7527.0,7181.0
Marrakech,2025-06-21,7758.0,7889.0
Marrakech,2025-06-22,7638.0,7893.0
Marrakech,2025-06-23,7371.0,7863.0
Marrakech,2025-06-24,7558.0,7904.0
Marrakech,2025-06-25,7756.0,7908.0
Marrakech,2025-06-26,6676.0,6746.0
Marrakech,2025-06-27,6854.0,6692.0
Marrakech,2025-06-28,7330.0,7228.0
Marrakech,2025-06-29,7560.0,7454.0
Marrakech,2025-06-30,7508.0,7221.0
Marrakech,2025-07-01,7126.0,7129.0
Marrakech,2025-07-02,7473.0,7404.0
Marrakech,2025-07-03,7338.0,7686.0
Marrakech,2025-07-04,7905.0,7883.0
Marrakech,2025-07-05,7777.0,7839.0
Marrakech,2025-07-06,7685.0,7813.0
Marrakech,2025-07-07,7298.0,7607.0
Marrakech,2025-07-08,6828.0,7187.0
Marrakech,2025-07-09,6443.0,6840.0
Marrakech,2025-07-10,7171.0,7287.0
Marrakech,2025-07-11,7654.0,7771.0
Marrakech,2025-07-12,7713.0,7752.0
Marrakech,2025-07-13,7207.0,7698.0
Marrakech,2025-07-14,7603.0,7685.0
Marrakech,2025-07-15,7300.0,7588.0
Marrakech,2025-07-16,7536.0,7700.0
Marrakech,2025-07-17,7532.0,7538.0
Marrakech,2025-07-18,7566.0,7653.0
Marrakech,2025-07-19,7425.0,7547.0
Marrakech,2025-07-20,7456.0,7547.0
Marrakech,2025-07-21,7475.0,7539.0
Marrakech,2025-07-22,7419.0,7537.0
Marrakech,2025-07-23,7430.0,7542.0
Marrakech,2025-07-24,7302.0,6865.0
Marrakech,2025-07-25,7363.0,7212.0
Marrakech,2025-07-26,7420.0,7521.0
Marrakech,2025-07-27,7325.0,7503.0
Marrakech,2025-07-28,7463.0,7520.0
Marrakech,2025-07-29,7657.0,7477.0
Marrakech,2025-07-30,7491.0,7462.0
Marrakech,2025-07-31,7516.0,7467.0
Marrakech,2025-08-01,7422.0,7422.0
Marrakech,2025-08-02,7192.0,7379.0
Marrakech,2025-08-03,6761.0,6890.0
Marrakech,2025-08-04,7187.0,7396.0
Marrakech,2025-08-05,6122.0,6883.0
Marrakech,2025-08-06,7031.0,6907.0
Marrakech,2025-08-07,6766.0,7211.0
Marrakech,2025-08-08,7195.0,7288.0
Marrakech,2025-08-09,6994.0,7140.0
Marrakech,2025-08-10,7073.0,7062.0
Marrakech,2025-08-11,7306.0,6883.0
Marrakech,2025-08-12,7300.0,6740.0
Marrakech,2025-08-13,7343.0,7115.0
Marrakech,2025-08-14,6879.0,6923.0
Marrakech,2025-08-15,5894.0,6180.0
Marrakech,2025-08-16,6949.0,6902.0
Marrakech,2025-08-17,6697.0,6215.0
Marrakech,2025-08-18,6663.0,6904.0
Marrakech,2025-08-19,7053.0,7007.0
Marrakech,2025-08-20,7094.0,6985.0
Marrakech,2025-08-21,6989.0,6833.0
Marrakech,2025-08-22,6298.0,6584.0
Marrakech,2025-08-23,6557.0,6659.0
Marrakech,2025-08-24,6310.0,6442.0
Marrakech,2025-08-25,6208.0,5684.0
Marrakech,2025-08-26,6777.0,6794.0
Marrakech,2025-08-27,6811.0,6851.0
Marrakech,2025-08-28,6624.0,6776.0
Marrakech,2025-08-29,6850.0,6873.0
Marrakech,2025-08-30,6818.0,6790.0
Marrakech,2025-08-31,6709.0,6791.0
Marrakech,2025-09-01,6010.0,6467.0
Marrakech,2025-09-02,6781.0,6609.0
Marrakech,2025-09-03,6780.0,6494.0
Marrakech,2025-09-04,6660.0,6414.0
Marrakech,2025-09-05,6092.0,6202.0
Marrakech,2025-09-06,4176.0,6173.0
Marrakech,2025-09-07,6353.0,6425.0
Marrakech,2025-09-08,5299.0,5666.0
Marrakech,2025-09-09,2905.0,5099.0
Marrakech,2025-09-10,6495.0,6290.0
Marrakech,2025-09-11,6369.0,6419.0
Marrakech,2025-09-12,6133.0,6110.0
Marrakech,2025-09-13,5923.0,6389.0
Marrakech,2025-09-14,6301.0,6335.0
Marrakech,2025-09-15,6205.0,6277.0
Marrakech,2025-09-16,5581.0,5984.0
Marrakech,2025-09-17,5369.0,5027.0
Marrakech,2025-09-18,4764.0,4956.0
Marrakech,2025-09-19,4787.0,4719.0
Marrakech,2025-09-20,5145.0,5743.0
Marrakech,2025-09-21,4220.0,4961.0
Marrakech,2025-09-22,5773.0,6041.0
Marrakech,2025-09-23,5789.0,5980.0
Marrakech,2025-09-24,5902.0,5969.0
Marrakech,2025-09-25,5084.0,5588.0
Marrakech,2025-09-26,5932.0,5959.0
Marrakech,2025-09-27,5851.0,5937.0
Marrakech,2025-09-28,5095.0,5541.0
Marrakech,2025-09-29,4024.0,5425.0
Marrakech,2025-09-30,5603.0,5837.0
Marrakech,2025-10-01,5670.0,5728.0
Marrakech,2025-10-02,5262.0,4324.0
Marrakech,2025-10-03,5556.0,5464.0
Marrakech,2025-10-04,5522.0,5579.0
Marrakech,2025-10-05,5468.0,5528.0
Marrakech,2025-10-06,5122.0,5478.0
Marrakech,2025-10-07,5188.0,5404.0
Marrakech,2025-10-08,5371.0,5419.0
Marrakech,2025-10-09,5438.0,5477.0
Marrakech,2025-10-10,5333.0,5391.0
Marrakech,2025-10-11,5367.0,5347.0
Marrakech,2025-10-12,5188.0,5368.0
Marrakech,2025-10-13,5274.0,5258.0
Marrakech,2025-10-14,5166.0,5041.0
Marrakech,2025-10-15,5213.0,4731.0
Marrakech,2025-10-16,4885.0,4157.0
Marrakech,2025-10-17,5004.0,4989.0
Marrakech,2025-10-18,4803.0,5008.0
Marrakech,2025-10-19,4792.0,5111.0
Marrakech,2025-10-20,4915.0,5142.0
Marrakech,2025-10-21,4868.0,5132.0
Marrakech,2025-10-22,4898.0,4921.0
Marrakech,2025-10-23,4863.0,4846.0
Marrakech,2025-10-24,4809.0,4810.0
Marrakech,2025-10-25,4720.0,4741.0
Marrakech,2025-10-26,3847.0,3637.0
Marrakech,2025-10-27,3962.0,4534.0
Marrakech,2025-10-28,4015.0,3763.0
Marrakech,2025-10-29,2153.0,4086.0
Marrakech,2025-10-30,4131.0,4500.0
Marrakech,2025-10-31,4597.0,4471.0
Marrakech,2025-11-01,4535.0,4626.0
Marrakech,2025-11-02,4493.0,4446.0
Marrakech,2025-11-03,4452.0,4380.0
Marrakech,2025-11-04,4354.0,4361.0
Marrakech,2025-11-05,4119.0,4380.0
Marrakech,2025-11-06,3655.0,3732.0
Marrakech,2025-11-07,3813.0,4237.0
Marrakech,2025-11-08,4373.0,4415.0
Marrakech,2025-11-09,4244.0,4361.0
Marrakech,2025-11-10,4221.0,4296.0
Marrakech,2025-11-11,4197.0,4135.0
Marrakech,2025-11-12,3814.0,4088.0
Marrakech,2025-11-13,1573.0,2839.0
Marrakech,2025-11-14,3962.0,3703.0
Marrakech,2025-11-15,3840.0,3549.0
Marrakech,2025-11-16,2657.0,3089.0
Marrakech,2025-11-17,3377.0,3508.0
Marrakech,2025-11-18,3751.0,3766.0
Marrakech,2025-11-19,3836.0,3897.0
Marrakech,2025-11-20,3816.0,3731.0
Marrakech,2025-11-21,3943.0,3881.0
Marrakech,2025-11-22,3955.0,3981.0
Marrakech,2025-11-23,3954.0,4053.0
Marrakech,2025-11-24,3892.0,3513.0
Marrakech,2025-11-25,3905.0,3979.0
Marrakech,2025-11-26,3251.0,3624.0
Marrakech,2025-11-27,3818.0,3915.0
Marrakech,2025-11-28,3837.0,3939.0
Marrakech,2025-11-29,3826.0,3732.0
Marrakech,2025-11-30,3481.0,3318.0
Marrakech,2025-12-01,3548.0,3559.0
Marrakech,2025-12-02,3743.0,3708.0
Marrakech,2025-12-03,3319.0,3685.0
Marrakech,2025-12-04,3750.0,3671.0
Marrakech,2025-12-05,3806.0,3715.0
Marrakech,2025-12-06,3483.0,3745.0
Marrakech,2025-12-07,3575.0,3693.0
Marrakech,2025-12-08,3705.0,3711.0
Marrakech,2025-12-09,3641.0,3654.0
Marrakech,2025-12-10,1415.0,2472.0
Marrakech,2025-12-11,3388.0,3597.0
Marrakech,2025-12-12,1068.0,2458.0
Marrakech,2025-12-13,2473.0,2430.0
Marrakech,2025-12-14,2847.0,2438.0
Marrakech,2025-12-15,2629.0,3385.0
Marrakech,2025-12-16,1868.0,2075.0
Marrakech,2025-12-17,2195.0,2818.0
Marrakech,2025-12-18,3565.0,3530.0
Marrakech,2025-12-19,2962.0,2778.0
Marrakech,2025-12-20,2735.0,2916.0
Marrakech,2025-12-21,3202.0,3318.0
Marrakech,2025-12-22,2530.0,2638.0
Marrakech,2025-12-23,3586.0,3604.0
Marrakech,2025-12-24,1739.0,2372.0
Marrakech,2025-12-25,2282.0,2234.0
Marrakech,2025-12-26,2955.0,3474.0
Marrakech,2025-12-27,2168.0,3286.0
Marrakech,2025-12-28,2059.0,2317.0
Marrakech,2025-12-29,3004.0,2587.0
Marrakech,2025-12-30,3210.0,2962.0
Marrakech,2025-12-31,3365.0,3292.0
Ouarzazate,2025-01-01,3844.0,3168.0
Ouarzazate,2025-01-02,4012.0,3863.0
Ouarzazate,2025-01-03,3975.0,3887.0
Ouarzazate,2025-01-04,3755.0,3587.0
Ouarzazate,2025-01-05,4024.0,3719.0
Ouarzazate,2025-01-06,3955.0,4017.0
Ouarzazate,2025-01-07,4062.0,4010.0
Ouarzazate,2025-01-08,3969.0,3789.0
Ouarzazate,2025-01-09,4087.0,3989.0
Ouarzazate,2025-01-10,4163.0,4020.0
Ouarzazate,2025-01-11,4190.0,4124.0
Ouarzazate,2025-01-12,4156.0,4039.0
Ouarzazate,2025-01-13,4202.0,4097.0
Ouarzazate,2025-01-14,4241.0,4196.0
Ouarzazate,2025-01-15,4292.0,4119.0
Ouarzazate,2025-01-16,4312.0,4290.0
Ouarzazate,2025-01-17,4367.0,4291.0
Ouarzazate,2025-01-18,4358.0,4323.0
Ouarzazate,2025-01-19,4287.0,4327.0
Ouarzazate,2025-01-20,4267.0,4345.0
Ouarzazate,2025-01-21,4366.0,4417.0
Ouarzazate,2025-01-22,4345.0,4437.0
Ouarzazate,2025-01-23,4454.0,4449.0
Ouarzazate,2025-01-24,4461.0,4499.0
Ouarzazate,2025-01-25,4472.0,4494.0
Ouarzazate,2025-01-26,4454.0,4472.0
Ouarzazate,2025-01-27,4555.0,4371.0
Ouarzazate,2025-01-28,4617.0,4477.0
Ouarzazate,2025-01-29,4645.0,4532.0
Ouarzazate,2025-01-30,3203.0,3558.0
Ouarzazate,2025-01-31,4687.0,4392.0
Ouarzazate,2025-02-01,4786.0,4643.0
Ouarzazate,2025-02-02,4720.0,4225.0
Ouarzazate,2025-02-03,4747.0,4680.0
Ouarzazate,2025-02-04,4875.0,4680.0
Ouarzazate,2025-02-05,4837.0,4661.0
Ouarzazate,2025-02-06,4920.0,4751.0
Ouarzazate,2025-02-07,5042.0,4807.0
Ouarzazate,2025-02-08,5031.0,4791.0
Ouarzazate,2025-02-09,5102.0,4784.0
Ouarzazate,2025-02-10,5134.0,4830.0
Ouarzazate,2025-02-11,4939.0,4770.0
Ouarzazate,2025-02-12,5060.0,4877.0
Ouarzazate,2025-02-13,5225.0,5089.0
Ouarzazate,2025-02-14,5260.0,5180.0
Ouarzazate,2025-02-15,3278.0,4291.0
Ouarzazate,2025-02-16,4969.0,4818.0
Ouarzazate,2025-02-17,5355.0,5070.0
Ouarzazate,2025-02-18,3755.0,4953.0
Ouarzazate,2025-02-19,5064.0,4896.0
Ouarzazate,2025-02-20,5288.0,5015.0
Ouarzazate,2025-02-21,5313.0,5169.0
Ouarzazate,2025-02-22,5150.0,5044.0
Ouarzazate,2025-02-23,5516.0,5202.0
Ouarzazate,2025-02-24,5591.0,5451.0
Ouarzazate,2025-02-25,5610.0,5370.0
Ouarzazate,2025-02-26,5681.0,5254.0
Ouarzazate,2025-02-27,5620.0,5436.0
Ouarzazate,2025-02-28,4682.0,5413.0
Ouarzazate,2025-03-01,5871.0,5715.0
Ouarzazate,2025-03-02,5820.0,5635.0
Ouarzazate,2025-03-03,4998.0,5312.0
Ouarzazate,2025-03-04,5191.0,5270.0
Ouarzazate,2025-03-05,4486.0,5179.0
Ouarzazate,2025-03-06,5414.0,5342.0
Ouarzazate,2025-03-07,5836.0,5525.0
Ouarzazate,2025-03-08,4432.0,4875.0
Ouarzazate,2025-03-09,5895.0,5355.0
Ouarzazate,2025-03-10,5554.0,5357.0
Ouarzazate,2025-03-11,5055.0,5397.0
Ouarzazate,2025-03-12,5961.0,5902.0
Ouarzazate,2025-03-13,5952.0,5436.0
Ouarzazate,2025-03-14,5481.0,5158.0
Ouarzazate,2025-03-15,6334.0,5982.0
Ouarzazate,2025-03-16,6301.0,6125.0
Ouarzazate,2025-03-17,6520.0,6376.0
Ouarzazate,2025-03-18,6512.0,5881.0
Ouarzazate,2025-03-19,6584.0,6305.0
Ouarzazate,2025-03-20,6621.0,6593.0
Ouarzazate,2025-03-21,6732.0,6555.0
Ouarzazate,2025-03-22,6360.0,5855.0
Ouarzazate,2025-03-23,6665.0,5821.0
Ouarzazate,2025-03-24,6788.0,6211.0
Ouarzazate,2025-03-25,5822.0,6147.0
Ouarzazate,2025-03-26,6979.0,6635.0
Ouarzazate,2025-03-27,6898.0,6475.0
Ouarzazate,2025-03-28,6972.0,6781.0
Ouarzazate,2025-03-29,6691.0,6450.0
Ouarzazate,2025-03-30,7048.0,6836.0
Ouarzazate,2025-03-31,7077.0,7007.0
Ouarzazate,2025-04-01,7118.0,6741.0
Ouarzazate,2025-04-02,7182.0,6864.0
Ouarzazate,2025-04-03,7140.0,6837.0
Ouarzazate,2025-04-04,7139.0,6844.0
Ouarzazate,2025-04-05,7155.0,6892.0
Ouarzazate,2025-04-06,7106.0,6844.0
Ouarzazate,2025-04-07,6945.0,6938.0
Ouarzazate,2025-04-08,7099.0,7032.0
Ouarzazate,2025-04-09,4835.0,6159.0
Ouarzazate,2025-04-10,5595.0,4687.0
Ouarzazate,2025-04-11,6157.0,5228.0
Ouarzazate,2025-04-12,3883.0,3953.0
Ouarzazate,2025-04-13,7065.0,6769.0
Ouarzazate,2025-04-14,7180.0,7082.0
Ouarzazate,2025-04-15,7247.0,6253.0
Ouarzazate,2025-04-16,7597.0,6735.0
Ouarzazate,2025-04-17,7501.0,6773.0
Ouarzazate,2025-04-18,7223.0,7193.0
Ouarzazate,2025-04-19,7688.0,7409.0
Ouarzazate,2025-04-20,7816.0,7260.0
Ouarzazate,2025-04-21,7710.0,7441.0
Ouarzazate,2025-04-22,7777.0,7603.0
Ouarzazate,2025-04-23,5330.0,7103.0
Ouarzazate,2025-04-24,5910.0,6935.0
Ouarzazate,2025-04-25,7014.0,7375.0
Ouarzazate,2025-04-26,7809.0,7449.0
Ouarzazate,2025-04-27,7549.0,7487.0
Ouarzazate,2025-04-28,7879.0,7753.0
Ouarzazate,2025-04-29,6757.0,6969.0
Ouarzazate,2025-04-30,7412.0,6397.0
Ouarzazate,2025-05-01,6681.0,7607.0
Ouarzazate,2025-05-02,8063.0,7724.0
Ouarzazate,2025-05-03,7695.0,7562.0
Ouarzazate,2025-05-04,8105.0,7782.0
Ouarzazate,2025-05-05,7948.0,7677.0
Ouarzazate,2025-05-06,6071.0,6604.0
Ouarzazate,2025-05-07,8079.0,8060.0
Ouarzazate,2025-05-08,7930.0,7659.0
Ouarzazate,2025-05-09,6725.0,6648.0
Ouarzazate,2025-05-10,5905.0,5742.0
Ouarzazate,2025-05-11,8061.0,7983.0
Ouarzazate,2025-05-12,8098.0,7869.0
Ouarzazate,2025-05-13,7500.0,7513.0
Ouarzazate,2025-05-14,7680.0,6798.0
Ouarzazate,2025-05-15,8137.0,7960.0
Ouarzazate,2025-05-16,8043.0,8035.0
Ouarzazate,2025-05-17,7820.0,7212.0
Ouarzazate,2025-05-18,8078.0,8157.0
Ouarzazate,2025-05-19,7947.0,8123.0
Ouarzazate,2025-05-20,8011.0,7719.0
Ouarzazate,2025-05-21,7948.0,7528.0
Ouarzazate,2025-05-22,7586.0,7740.0
Ouarzazate,2025-05-23,7853.0,8087.0
Ouarzazate,2025-05-24,7990.0,7997.0
Ouarzazate,2025-05-25,7911.0,7716.0
Ouarzazate,2025-05-26,6882.0,7513.0
Ouarzazate,2025-05-27,7076.0,6680.0
Ouarzazate,2025-05-28,6344.0,7433.0
Ouarzazate,2025-05-29,7316.0,7584.0
Ouarzazate,2025-05-30,7534.0,7539.0
Ouarzazate,2025-05-31,7552.0,7905.0
Ouarzazate,2025-06-01,8077.0,8134.0
Ouarzazate,2025-06-02,8319.0,8231.0
Ouarzazate,2025-06-03,8398.0,7757.0
Ouarzazate,2025-06-04,7811.0,7766.0
Ouarzazate,2025-06-05,7648.0,7912.0
Ouarzazate,2025-06-06,7337.0,7493.0
Ouarzazate,2025-06-07,7665.0,7034.0
Ouarzazate,2025-06-08,8176.0,7519.0
Ouarzazate,2025-06-09,7623.0,6387.0
Ouarzazate,2025-06-10,6796.0,5687.0
Ouarzazate,2025-06-11,8225.0,7608.0
Ouarzazate,2025-06-12,8455.0,7573.0
Ouarzazate,2025-06-13,7959.0,7256.0
Ouarzazate,2025-06-14,7534.0,6490.0
Ouarzazate,2025-06-15,5969.0,6219.0
Ouarzazate,2025-06-16,7494.0,7373.0
Ouarzazate,2025-06-17,6926.0,7205.0
Ouarzazate,2025-06-18,7133.0,6610.0
Ouarzazate,2025-06-19,7040.0,5726.0
Ouarzazate,2025-06-20,7687.0,7054.0
Ouarzazate,2025-06-21,6849.0,7616.0
Ouarzazate,2025-06-22,7962.0,7545.0
Ouarzazate,2025-06-23,7623.0,7654.0
Ouarzazate,2025-06-24,7558.0,7698.0
Ouarzazate,2025-06-25,7555.0,7728.0
Ouarzazate,2025-06-26,7530.0,7519.0
Ouarzazate,2025-06-27,7676.0,7697.0
Ouarzazate,2025-06-28,7711.0,7315.0
Ouarzazate,2025-06-29,7598.0,6686.0
Ouarzazate,2025-06-30,7548.0,7226.0
Ouarzazate,2025-07-01,7345.0,6923.0
Ouarzazate,2025-07-02,6995.0,7433.0
Ouarzazate,2025-07-03,7194.0,7511.0
Ouarzazate,2025-07-04,7636.0,7428.0
Ouarzazate,2025-07-05,7408.0,7345.0
Ouarzazate,2025-07-06,7574.0,7366.0
Ouarzazate,2025-07-07,7717.0,7944.0
Ouarzazate,2025-07-08,6567.0,6922.0
Ouarzazate,2025-07-09,6850.0,7062.0
Ouarzazate,2025-07-10,7456.0,7430.0
Ouarzazate,2025-07-11,6954.0,7687.0
Ouarzazate,2025-07-12,8204.0,8041.0
Ouarzazate,2025-07-13,8119.0,7998.0
Ouarzazate,2025-07-14,7872.0,7886.0
Ouarzazate,2025-07-15,7444.0,7560.0
Ouarzazate,2025-07-16,7345.0,7532.0
Ouarzazate,2025-07-17,7532.0,7040.0
Ouarzazate,2025-07-18,6870.0,7021.0
Ouarzazate,2025-07-19,7176.0,6715.0
Ouarzazate,2025-07-20,7068.0,7215.0
Ouarzazate,2025-07-21,7520.0,7539.0
Ouarzazate,2025-07-22,6862.0,6938.0
Ouarzazate,2025-07-23,7072.0,6714.0
Ouarzazate,2025-07-24,7278.0,6824.0
Ouarzazate,2025-07-25,7550.0,7665.0
Ouarzazate,2025-07-26,7265.0,7087.0
Ouarzazate,2025-07-27,7520.0,7559.0
Ouarzazate,2025-07-28,7464.0,7495.0
Ouarzazate,2025-07-29,7826.0,7632.0
Ouarzazate,2025-07-30,7744.0,7638.0
Ouarzazate,2025-07-31,7225.0,6827.0
Ouarzazate,2025-08-01,7704.0,7607.0
Ouarzazate,2025-08-02,6055.0,6366.0
Ouarzazate,2025-08-03,6804.0,6565.0
Ouarzazate,2025-08-04,6878.0,6572.0
Ouarzazate,2025-08-05,6766.0,6363.0
Ouarzazate,2025-08-06,7262.0,6646.0
Ouarzazate,2025-08-07,7219.0,7005.0
Ouarzazate,2025-08-08,7184.0,7175.0
Ouarzazate,2025-08-09,7152.0,6873.0
Ouarzazate,2025-08-10,6908.0,6890.0
Ouarzazate,2025-08-11,7381.0,6909.0
Ouarzazate,2025-08-12,6208.0,6071.0
Ouarzazate,2025-08-13,6986.0,6704.0
Ouarzazate,2025-08-14,6989.0,6887.0
Ouarzazate,2025-08-15,6687.0,6781.0
Ouarzazate,2025-08-16,6997.0,6886.0
Ouarzazate,2025-08-17,6673.0,6375.0
Ouarzazate,2025-08-18,7031.0,7026.0
Ouarzazate,2025-08-19,6468.0,6491.0
Ouarzazate,2025-08-20,6727.0,6812.0
Ouarzazate,2025-08-21,6405.0,6844.0
Ouarzazate,2025-08-22,5921.0,6224.0
Ouarzazate,2025-08-23,5369.0,6249.0
Ouarzazate,2025-08-24,6511.0,6351.0
Ouarzazate,2025-08-25,6825.0,5792.0
Ouarzazate,2025-08-26,7267.0,6613.0
Ouarzazate,2025-08-27,7153.0,7174.0
Ouarzazate,2025-08-28,7001.0,6915.0
Ouarzazate,2025-08-29,7174.0,7142.0
Ouarzazate,2025-08-30,7120.0,6930.0
Ouarzazate,2025-08-31,7117.0,7155.0
Ouarzazate,2025-09-01,7086.0,6762.0
Ouarzazate,2025-09-02,7182.0,6739.0
Ouarzazate,2025-09-03,7196.0,6647.0
Ouarzazate,2025-09-04,6874.0,6580.0
Ouarzazate,2025-09-05,5556.0,6215.0
Ouarzazate,2025-09-06,3037.0,5635.0
Ouarzazate,2025-09-07,6110.0,5781.0
Ouarzazate,2025-09-08,5981.0,5439.0
Ouarzazate,2025-09-09,6378.0,6423.0
Ouarzazate,2025-09-10,6641.0,6651.0
Ouarzazate,2025-09-11,6650.0,6590.0
Ouarzazate,2025-09-12,6031.0,6502.0
Ouarzazate,2025-09-13,6302.0,6219.0
Ouarzazate,2025-09-14,6372.0,6365.0
Ouarzazate,2025-09-15,6440.0,6164.0
Ouarzazate,2025-09-16,4254.0,4812.0
Ouarzazate,2025-09-17,5433.0,4814.0
Ouarzazate,2025-09-18,5806.0,5561.0
Ouarzazate,2025-09-19,5706.0,4941.0
Ouarzazate,2025-09-20,5566.0,5681.0
Ouarzazate,2025-09-21,5234.0,5774.0
Ouarzazate,2025-09-22,5729.0,6244.0
Ouarzazate,2025-09-23,5621.0,6303.0
Ouarzazate,2025-09-24,6286.0,6364.0
Ouarzazate,2025-09-25,6259.0,6171.0
Ouarzazate,2025-09-26,6279.0,6117.0
Ouarzazate,2025-09-27,6140.0,6138.0
Ouarzazate,2025-09-28,5825.0,5713.0
Ouarzazate,2025-09-29,5707.0,5702.0
Ouarzazate,2025-09-30,6082.0,6031.0
Ouarzazate,2025-10-01,6110.0,5861.0
Ouarzazate,2025-10-02,5432.0,5466.0
Ouarzazate,2025-10-03,5816.0,5712.0
Ouarzazate,2025-10-04,5804.0,5759.0
Ouarzazate,2025-10-05,5810.0,5789.0
Ouarzazate,2025-10-06,5774.0,5772.0
Ouarzazate,2025-10-07,5764.0,5733.0
Ouarzazate,2025-10-08,5606.0,5725.0
Ouarzazate,2025-10-09,5763.0,5665.0
Ouarzazate,2025-10-10,5719.0,5633.0
Ouarzazate,2025-10-11,5703.0,5552.0
Ouarzazate,2025-10-12,5618.0,5529.0
Ouarzazate,2025-10-13,5624.0,5416.0
Ouarzazate,2025-10-14,5569.0,5178.0
Ouarzazate,2025-10-15,5560.0,5022.0
Ouarzazate,2025-10-16,4629.0,3888.0
Ouarzazate,2025-10-17,5118.0,5015.0
Ouarzazate,2025-10-18,5277.0,4974.0
Ouarzazate,2025-10-19,5178.0,5205.0
Ouarzazate,2025-10-20,5211.0,5214.0
Ouarzazate,2025-10-21,5159.0,5181.0
Ouarzazate,2025-10-22,5140.0,5004.0
Ouarzazate,2025-10-23,5120.0,4877.0
Ouarzazate,2025-10-24,5130.0,4830.0
Ouarzazate,2025-10-25,5123.0,4848.0
Ouarzazate,2025-10-26,5047.0,4631.0
Ouarzazate,2025-10-27,4635.0,3820.0
Ouarzazate,2025-10-28,4028.0,3749.0
Ouarzazate,2025-10-29,1161.0,3782.0
Ouarzazate,2025-10-30,4980.0,4721.0
Ouarzazate,2025-10-31,4951.0,4840.0
Ouarzazate,2025-11-01,4898.0,4784.0
Ouarzazate,2025-11-02,4745.0,4684.0
Ouarzazate,2025-11-03,4755.0,4650.0
Ouarzazate,2025-11-04,4423.0,4550.0
Ouarzazate,2025-11-05,4160.0,4501.0
Ouarzazate,2025-11-06,4610.0,4475.0
Ouarzazate,2025-11-07,4360.0,3967.0
Ouarzazate,2025-11-08,4598.0,4537.0
Ouarzazate,2025-11-09,4591.0,4505.0
Ouarzazate,2025-11-10,4063.0,4374.0
Ouarzazate,2025-11-11,4340.0,4326.0
Ouarzazate,2025-11-12,4141.0,4342.0
Ouarzazate,2025-11-13,2521.0,2515.0
Ouarzazate,2025-11-14,4346.0,4035.0
Ouarzazate,2025-11-15,3960.0,3719.0
Ouarzazate,2025-11-16,4285.0,4164.0
Ouarzazate,2025-11-17,4184.0,4112.0
Ouarzazate,2025-11-18,4314.0,4180.0
Ouarzazate,2025-11-19,3789.0,3985.0
Ouarzazate,2025-11-20,4212.0,3779.0
Ouarzazate,2025-11-21,4166.0,3648.0
Ouarzazate,2025-11-22,4201.0,4186.0
Ouarzazate,2025-11-23,4213.0,4174.0
Ouarzazate,2025-11-24,4207.0,4194.0
Ouarzazate,2025-11-25,4212.0,4179.0
Ouarzazate,2025-11-26,4161.0,4152.0
Ouarzazate,2025-11-27,4078.0,4133.0
Ouarzazate,2025-11-28,4069.0,4068.0
Ouarzazate,2025-11-29,4058.0,4004.0
Ouarzazate,2025-11-30,3977.0,3929.0
Ouarzazate,2025-12-01,3986.0,3913.0
Ouarzazate,2025-12-02,4037.0,3931.0
Ouarzazate,2025-12-03,4131.0,3998.0
Ouarzazate,2025-12-04,4024.0,3937.0
Ouarzazate,2025-12-05,4135.0,3931.0
Ouarzazate,2025-12-06,3845.0,3803.0
Ouarzazate,2025-12-07,3976.0,3881.0
Ouarzazate,2025-12-08,3979.0,3849.0
Ouarzazate,2025-12-09,3908.0,3920.0
Ouarzazate,2025-12-10,1730.0,2822.0
Ouarzazate,2025-12-11,3846.0,3742.0
Ouarzazate,2025-12-12,1379.0,2383.0
Ouarzazate,2025-12-13,891.0,1973.0
Ouarzazate,2025-12-14,2167.0,2542.0
Ouarzazate,2025-12-15,3307.0,3633.0
Ouarzazate,2025-12-16,1875.0,2169.0
Ouarzazate,2025-12-17,1982.0,2289.0
Ouarzazate,2025-12-18,3862.0,3680.0
Ouarzazate,2025-12-19,3693.0,3645.0
Ouarzazate,2025-12-20,3816.0,3773.0
Ouarzazate,2025-12-21,3912.0,3775.0
Ouarzazate,2025-12-22,3434.0,3298.0
Ouarzazate,2025-12-23,3881.0,3794.0
Ouarzazate,2025-12-24,3683.0,3782.0
Ouarzazate,2025-12-25,3081.0,3477.0
Ouarzazate,2025-12-26,3444.0,3901.0
Ouarzazate,2025-12-27,3218.0,3659.0
Ouarzazate,2025-12-28,3736.0,3668.0
Ouarzazate,2025-12-29,3639.0,2604.0
Ouarzazate,2025-12-30,3560.0,3761.0
Ouarzazate,2025-12-31,3817.0,3708.0
Tangier,2025-01-01,3022.0,3202.0
Tangier,2025-01-02,3051.0,3159.0
Tangier,2025-01-03,2822.0,2872.0
Tangier,2025-01-04,2898.0,2407.0
Tangier,2025-01-05,2444.0,2489.0
Tangier,2025-01-06,2406.0,2448.0
Tangier,2025-01-07,2944.0,2955.0
Tangier,2025-01-08,3154.0,2958.0
Tangier,2025-01-09,1073.0,2285.0
Tangier,2025-01-10,3011.0,2785.0
Tangier,2025-01-11,2421.0,2874.0
Tangier,2025-01-12,2356.0,2845.0
Tangier,2025-01-13,3229.0,3252.0
Tangier,2025-01-14,3156.0,3297.0
Tangier,2025-01-15,3372.0,3374.0
Tangier,2025-01-16,3247.0,3315.0
Tangier,2025-01-17,3276.0,3135.0
Tangier,2025-01-18,3328.0,3332.0
Tangier,2025-01-19,3290.0,3196.0
Tangier,2025-01-20,733.0,2356.0
Tangier,2025-01-21,3223.0,2615.0
Tangier,2025-01-22,3330.0,3024.0
Tangier,2025-01-23,3171.0,3357.0
Tangier,2025-01-24,3449.0,3629.0
Tangier,2025-01-25,1931.0,2828.0
Tangier,2025-01-26,2528.0,2984.0
Tangier,2025-01-27,1189.0,2597.0
Tangier,2025-01-28,2556.0,3466.0
Tangier,2025-01-29,2215.0,2512.0
Tangier,2025-01-30,3728.0,3479.0
Tangier,2025-01-31,3883.0,3803.0
Tangier,2025-02-01,3408.0,3660.0
Tangier,2025-02-02,3413.0,3566.0
Tangier,2025-02-03,3061.0,3092.0
Tangier,2025-02-04,3064.0,3807.0
Tangier,2025-02-05,3927.0,3871.0
Tangier,2025-02-06,3987.0,3856.0
Tangier,2025-02-07,4091.0,4034.0
Tangier,2025-02-08,2605.0,3004.0
Tangier,2025-02-09,3979.0,3777.0
Tangier,2025-02-10,3898.0,3808.0
Tangier,2025-02-11,4073.0,3521.0
Tangier,2025-02-12,4182.0,3992.0
Tangier,2025-02-13,4313.0,4206.0
Tangier,2025-02-14,4376.0,4361.0
Tangier,2025-02-15,2820.0,2997.0
Tangier,2025-02-16,4168.0,4375.0
Tangier,2025-02-17,4209.0,4302.0
Tangier,2025-02-18,3614.0,3611.0
Tangier,2025-02-19,4089.0,4409.0
Tangier,2025-02-20,4543.0,4537.0
Tangier,2025-02-21,3949.0,4085.0
Tangier,2025-02-22,3772.0,4149.0
Tangier,2025-02-23,4740.0,4595.0
Tangier,2025-02-24,4219.0,3908.0
Tangier,2025-02-25,4362.0,3297.0
Tangier,2025-02-26,4346.0,3700.0
Tangier,2025-02-27,3897.0,3231.0
Tangier,2025-02-28,2592.0,3091.0
Tangier,2025-03-01,3858.0,4313.0
Tangier,2025-03-02,4043.0,4373.0
Tangier,2025-03-03,3622.0,4441.0
Tangier,2025-03-04,3459.0,3718.0
Tangier,2025-03-05,3525.0,4343.0
Tangier,2025-03-06,2062.0,2389.0
Tangier,2025-03-07,4010.0,4526.0
Tangier,2025-03-08,1461.0,2480.0
Tangier,2025-03-09,2924.0,1973.0
Tangier,2025-03-10,3426.0,2632.0
Tangier,2025-03-11,4459.0,4644.0
Tangier,2025-03-12,3573.0,3698.0
Tangier,2025-03-13,4445.0,3408.0
Tangier,2025-03-14,3990.0,3863.0
Tangier,2025-03-15,4686.0,5060.0
Tangier,2025-03-16,4461.0,4577.0
Tangier,2025-03-17,3077.0,3625.0
Tangier,2025-03-18,4066.0,3490.0
Tangier,2025-03-19,5523.0,4554.0
Tangier,2025-03-20,2084.0,4529.0
Tangier,2025-03-21,5056.0,4960.0
Tangier,2025-03-22,5327.0,4840.0
Tangier,2025-03-23,4628.0,4336.0
Tangier,2025-03-24,5244.0,5071.0
Tangier,2025-03-25,5209.0,5787.0
Tangier,2025-03-26,5985.0,5984.0
Tangier,2025-03-27,6195.0,5874.0
Tangier,2025-03-28,6367.0,6354.0
Tangier,2025-03-29,6564.0,6531.0
Tangier,2025-03-30,6376.0,6592.0
Tangier,2025-03-31,6356.0,6123.0
Tangier,2025-04-01,5632.0,6258.0
Tangier,2025-04-02,5145.0,5542.0
Tangier,2025-04-03,4968.0,5148.0
Tangier,2025-04-04,4864.0,6249.0
Tangier,2025-04-05,6141.0,6111.0
Tangier,2025-04-06,6237.0,6135.0
Tangier,2025-04-07,6613.0,6635.0
Tangier,2025-04-08,6622.0,6552.0
Tangier,2025-04-09,5801.0,6333.0
Tangier,2025-04-10,4052.0,4751.0
Tangier,2025-04-11,3985.0,4792.0
Tangier,2025-04-12,4483.0,5066.0
Tangier,2025-04-13,5710.0,5137.0
Tangier,2025-04-14,5185.0,5232.0
Tangier,2025-04-15,5848.0,4878.0
Tangier,2025-04-16,6393.0,6392.0
Tangier,2025-04-17,4660.0,4423.0
Tangier,2025-04-18,6342.0,5035.0
Tangier,2025-04-19,5391.0,5215.0
Tangier,2025-04-20,5329.0,5446.0
Tangier,2025-04-21,6518.0,6153.0
Tangier,2025-04-22,6945.0,6969.0
Tangier,2025-04-23,7300.0,7130.0
Tangier,2025-04-24,7130.0,7187.0
Tangier,2025-04-25,7188.0,7035.0
Tangier,2025-04-26,6492.0,6524.0
Tangier,2025-04-27,7183.0,7174.0
Tangier,2025-04-28,6855.0,7133.0
Tangier,2025-04-29,3604.0,6128.0
Tangier,2025-04-30,3565.0,5733.0
Tangier,2025-05-01,6899.0,7267.0
Tangier,2025-05-02,6366.0,6761.0
Tangier,2025-05-03,6485.0,6625.0
Tangier,2025-05-04,6534.0,5742.0
Tangier,2025-05-05,6443.0,6200.0
Tangier,2025-05-06,6164.0,5789.0
Tangier,2025-05-07,6831.0,6462.0
Tangier,2025-05-08,5892.0,6376.0
Tangier,2025-05-09,6514.0,6739.0
Tangier,2025-05-10,7077.0,6458.0
Tangier,2025-05-11,7420.0,7016.0
Tangier,2025-05-12,7576.0,7421.0
Tangier,2025-05-13,6933.0,6084.0
Tangier,2025-05-14,7568.0,7512.0
Tangier,2025-05-15,7720.0,6975.0
Tangier,2025-05-16,7609.0,7018.0
Tangier,2025-05-17,7858.0,6915.0
Tangier,2025-05-18,7475.0,7183.0
Tangier,2025-05-19,7858.0,7626.0
Tangier,2025-05-20,7875.0,7787.0
Tangier,2025-05-21,7836.0,7893.0
Tangier,2025-05-22,7800.0,7780.0
Tangier,2025-05-23,5073.0,7094.0
Tangier,2025-05-24,7769.0,7644.0
Tangier,2025-05-25,8084.0,7896.0
Tangier,2025-05-26,8085.0,7964.0
Tangier,2025-05-27,8036.0,7910.0
Tangier,2025-05-28,7648.0,7569.0
Tangier,2025-05-29,7488.0,7256.0
Tangier,2025-05-30,7126.0,7040.0
Tangier,2025-05-31,7953.0,7927.0
Tangier,2025-06-01,7571.0,7306.0
Tangier,2025-06-02,7689.0,6741.0
Tangier,2025-06-03,6286.0,6083.0
Tangier,2025-06-04,7610.0,7283.0
Tangier,2025-06-05,7895.0,6822.0
Tangier,2025-06-06,7936.0,7824.0
Tangier,2025-06-07,7874.0,7878.0
Tangier,2025-06-08,6832.0,7285.0
Tangier,2025-06-09,6630.0,5381.0
Tangier,2025-06-10,5078.0,6250.0
Tangier,2025-06-11,7296.0,7199.0
Tangier,2025-06-12,8089.0,7742.0
Tangier,2025-06-13,7701.0,7166.0
Tangier,2025-06-14,7833.0,7432.0
Tangier,2025-06-15,7888.0,7832.0
Tangier,2025-06-16,7082.0,7041.0
Tangier,2025-06-17,7712.0,7699.0
Tangier,2025-06-18,7532.0,6187.0
Tangier,2025-06-19,7613.0,7107.0
Tangier,2025-06-20,7956.0,7983.0
Tangier,2025-06-21,7850.0,7959.0
Tangier,2025-06-22,7451.0,7722.0
Tangier,2025-06-23,7083.0,7785.0
Tangier,2025-06-24,7043.0,7620.0
Tangier,2025-06-25,7939.0,7833.0
Tangier,2025-06-26,8087.0,7806.0
Tangier,2025-06-27,7571.0,6748.0
Tangier,2025-06-28,7159.0,7648.0
Tangier,2025-06-29,8012.0,8043.0
Tangier,2025-06-30,8057.0,8008.0
Tangier,2025-07-01,8064.0,8013.0
Tangier,2025-07-02,7834.0,7903.0
Tangier,2025-07-03,7737.0,7855.0
Tangier,2025-07-04,7253.0,7771.0
Tangier,2025-07-05,7330.0,7758.0
Tangier,2025-07-06,6609.0,7219.0
Tangier,2025-07-07,7894.0,7749.0
Tangier,2025-07-08,7662.0,7588.0
Tangier,2025-07-09,7366.0,7613.0
Tangier,2025-07-10,6578.0,7116.0
Tangier,2025-07-11,6389.0,5767.0
Tangier,2025-07-12,6008.0,6577.0
Tangier,2025-07-13,7819.0,7872.0
Tangier,2025-07-14,7814.0,7852.0
Tangier,2025-07-15,7815.0,7768.0
Tangier,2025-07-16,7381.0,7683.0
Tangier,2025-07-17,7538.0,7636.0
Tangier,2025-07-18,7482.0,7561.0
Tangier,2025-07-19,7635.0,7649.0
Tangier,2025-07-20,7760.0,7685.0
Tangier,2025-07-21,7726.0,7680.0
Tangier,2025-07-22,7736.0,7712.0
Tangier,2025-07-23,7649.0,7429.0
Tangier,2025-07-24,7690.0,7115.0
Tangier,2025-07-25,6060.0,6593.0
Tangier,2025-07-26,6826.0,7293.0
Tangier,2025-07-27,7592.0,7651.0
Tangier,2025-07-28,7626.0,7625.0
Tangier,2025-07-29,6888.0,6842.0
Tangier,2025-07-30,7023.0,7413.0
Tangier,2025-07-31,7092.0,7447.0
Tangier,2025-08-01,7367.0,7518.0
Tangier,2025-08-02,7408.0,7477.0
Tangier,2025-08-03,7087.0,7427.0
Tangier,2025-08-04,6939.0,7397.0
Tangier,2025-08-05,7227.0,7391.0
Tangier,2025-08-06,7050.0,7243.0
Tangier,2025-08-07,6693.0,7196.0
Tangier,2025-08-08,7179.0,7239.0
Tangier,2025-08-09,7039.0,6899.0
Tangier,2025-08-10,7221.0,6983.0
Tangier,2025-08-11,7214.0,6939.0
Tangier,2025-08-12,7289.0,7209.0
Tangier,2025-08-13,7244.0,7214.0
Tangier,2025-08-14,7251.0,7199.0
Tangier,2025-08-15,6973.0,6883.0
Tangier,2025-08-16,7031.0,7019.0
Tangier,2025-08-17,7065.0,6917.0
Tangier,2025-08-18,6449.0,6673.0
Tangier,2025-08-19,7140.0,6890.0
Tangier,2025-08-20,6684.0,6793.0
Tangier,2025-08-21,6968.0,6926.0
Tangier,2025-08-22,6990.0,6887.0
Tangier,2025-08-23,6356.0,6581.0
Tangier,2025-08-24,3915.0,5374.0
Tangier,2025-08-25,6387.0,6247.0
Tangier,2025-08-26,6570.0,6760.0
Tangier,2025-08-27,6623.0,6741.0
Tangier,2025-08-28,6500.0,6706.0
Tangier,2025-08-29,6593.0,6623.0
Tangier,2025-08-30,6635.0,6759.0
Tangier,2025-08-31,6632.0,6730.0
Tangier,2025-09-01,6717.0,5890.0
Tangier,2025-09-02,6737.0,6533.0
Tangier,2025-09-03,6701.0,6555.0
Tangier,2025-09-04,6551.0,6576.0
Tangier,2025-09-05,6430.0,6352.0
Tangier,2025-09-06,5651.0,5605.0
Tangier,2025-09-07,3762.0,5492.0
Tangier,2025-09-08,5662.0,5274.0
Tangier,2025-09-09,4104.0,5143.0
Tangier,2025-09-10,5377.0,5802.0
Tangier,2025-09-11,6167.0,6360.0
Tangier,2025-09-12,6222.0,6202.0
Tangier,2025-09-13,6130.0,5593.0
Tangier,2025-09-14,6107.0,5805.0
Tangier,2025-09-15,5814.0,5791.0
Tangier,2025-09-16,5564.0,5637.0
Tangier,2025-09-17,5544.0,5541.0
Tangier,2025-09-18,4709.0,5125.0
Tangier,2025-09-19,5088.0,4626.0
Tangier,2025-09-20,5351.0,4679.0
Tangier,2025-09-21,5562.0,5027.0
Tangier,2025-09-22,5724.0,5365.0
Tangier,2025-09-23,5535.0,5039.0
Tangier,2025-09-24,5054.0,5273.0
Tangier,2025-09-25,5139.0,5261.0
Tangier,2025-09-26,5362.0,5490.0
Tangier,2025-09-27,5318.0,4526.0
Tangier,2025-09-28,4110.0,4113.0
Tangier,2025-09-29,3953.0,4503.0
Tangier,2025-09-30,4819.0,5368.0
Tangier,2025-10-01,5130.0,5240.0
Tangier,2025-10-02,5034.0,5164.0
Tangier,2025-10-03,5284.0,5344.0
Tangier,2025-10-04,5219.0,5176.0
Tangier,2025-10-05,5072.0,4916.0
Tangier,2025-10-06,4485.0,4765.0
Tangier,2025-10-07,4925.0,5061.0
Tangier,2025-10-08,4418.0,4842.0
Tangier,2025-10-09,4511.0,4824.0
Tangier,2025-10-10,4461.0,4752.0
Tangier,2025-10-11,4243.0,4588.0
Tangier,2025-10-12,4266.0,4353.0
Tangier,2025-10-13,4495.0,4620.0
Tangier,2025-10-14,4550.0,4457.0
Tangier,2025-10-15,4492.0,3751.0
Tangier,2025-10-16,4196.0,3781.0
Tangier,2025-10-17,4365.0,4100.0
Tangier,2025-10-18,4381.0,4186.0
Tangier,2025-10-19,4390.0,4250.0
Tangier,2025-10-20,3502.0,3526.0
Tangier,2025-10-21,3500.0,3758.0
Tangier,2025-10-22,3994.0,4075.0
Tangier,2025-10-23,4075.0,4230.0
Tangier,2025-10-24,4377.0,4220.0
Tangier,2025-10-25,4265.0,3919.0
Tangier,2025-10-26,2976.0,3519.0
Tangier,2025-10-27,3525.0,3846.0
Tangier,2025-10-28,1822.0,3267.0
Tangier,2025-10-29,1724.0,3032.0
Tangier,2025-10-30,3650.0,2939.0
Tangier,2025-10-31,3882.0,3685.0
Tangier,2025-11-01,3676.0,3355.0
Tangier,2025-11-02,3081.0,3572.0
Tangier,2025-11-03,3928.0,3616.0
Tangier,2025-11-04,3645.0,3146.0
Tangier,2025-11-05,3070.0,3333.0
Tangier,2025-11-06,3622.0,3031.0
Tangier,2025-11-07,3535.0,3927.0
Tangier,2025-11-08,3735.0,3669.0
Tangier,2025-11-09,3260.0,3509.0
Tangier,2025-11-10,3590.0,3689.0
Tangier,2025-11-11,3737.0,3542.0
Tangier,2025-11-12,3584.0,3693.0
Tangier,2025-11-13,595.0,1769.0
Tangier,2025-11-14,2120.0,2334.0
Tangier,2025-11-15,2219.0,2182.0
Tangier,2025-11-16,2554.0,2574.0
Tangier,2025-11-17,1740.0,2000.0
Tangier,2025-11-18,3430.0,3448.0
Tangier,2025-11-19,2966.0,3369.0
Tangier,2025-11-20,2840.0,3271.0
Tangier,2025-11-21,3489.0,3360.0
Tangier,2025-11-22,3313.0,3354.0
Tangier,2025-11-23,3334.0,3016.0
Tangier,2025-11-24,2560.0,2292.0
Tangier,2025-11-25,3029.0,2922.0
Tangier,2025-11-26,3329.0,3329.0
Tangier,2025-11-27,3263.0,2988.0
Tangier,2025-11-28,3230.0,3129.0
Tangier,2025-11-29,3088.0,3092.0
Tangier,2025-11-30,1326.0,2223.0
Tangier,2025-12-01,2674.0,2621.0
Tangier,2025-12-02,1518.0,2007.0
Tangier,2025-12-03,3122.0,3019.0
Tangier,2025-12-04,2640.0,2418.0
Tangier,2025-12-05,2462.0,2252.0
Tangier,2025-12-06,2754.0,2927.0
Tangier,2025-12-07,3026.0,2763.0
Tangier,2025-12-08,2972.0,3065.0
Tangier,2025-12-09,2941.0,2878.0
Tangier,2025-12-10,531.0,2023.0
Tangier,2025-12-11,2627.0,2892.0
Tangier,2025-12-12,1703.0,2387.0
Tangier,2025-12-13,1048.0,1626.0
Tangier,2025-12-14,2440.0,2002.0
Tangier,2025-12-15,2486.0,2291.0
Tangier,2025-12-16,1444.0,1747.0
Tangier,2025-12-17,2673.0,2721.0
Tangier,2025-12-18,2492.0,2672.0
Tangier,2025-12-19,2033.0,1920.0
Tangier,2025-12-20,2318.0,2344.0
Tangier,2025-12-21,640.0,1618.0
Tangier,2025-12-22,2564.0,2381.0
Tangier,2025-12-23,1222.0,1627.0
Tangier,2025-12-24,2732.0,2428.0
Tangier,2025-12-25,2351.0,2727.0
Tangier,2025-12-26,2444.0,2271.0
Tangier,2025-12-27,1037.0,2180.0
Tangier,2025-12-28,2474.0,2120.0
Tangier,2025-12-29,2776.0,2875.0
Tangier,2025-12-30,2192.0,2558.0
Tangier,2025-12-31,1075.0,1890.0
Tetouan,2025-01-01,2903.0,3182.0
Tetouan,2025-01-02,3025.0,3186.0
Tetouan,2025-01-03,2913.0,3007.0
Tetouan,2025-01-04,3051.0,2806.0
Tetouan,2025-01-05,2916.0,2687.0
Tetouan,2025-01-06,1967.0,2373.0
Tetouan,2025-01-07,3008.0,3089.0
Tetouan,2025-01-08,3166.0,3043.0
Tetouan,2025-01-09,1787.0,2893.0
Tetouan,2025-01-10,3206.0,3051.0
Tetouan,2025-01-11,2335.0,2901.0
Tetouan,2025-01-12,2940.0,2905.0
Tetouan,2025-01-13,3278.0,3253.0
Tetouan,2025-01-14,3095.0,3312.0
Tetouan,2025-01-15,3334.0,3369.0
Tetouan,2025-01-16,3449.0,3383.0
Tetouan,2025-01-17,3064.0,2928.0
Tetouan,2025-01-18,3354.0,3369.0
Tetouan,2025-01-19,3355.0,3150.0
Tetouan,2025-01-20,1024.0,2081.0
Tetouan,2025-01-21,3400.0,3087.0
Tetouan,2025-01-22,3357.0,3218.0
Tetouan,2025-01-23,3322.0,3781.0
Tetouan,2025-01-24,3538.0,3683.0
Tetouan,2025-01-25,2697.0,3133.0
Tetouan,2025-01-26,3132.0,3422.0
Tetouan,2025-01-27,1497.0,2932.0
Tetouan,2025-01-28,2318.0,3487.0
Tetouan,2025-01-29,2495.0,2757.0
Tetouan,2025-01-30,3735.0,3506.0
Tetouan,2025-01-31,3910.0,3842.0
Tetouan,2025-02-01,3716.0,3765.0
Tetouan,2025-02-02,3505.0,3736.0
Tetouan,2025-02-03,2928.0,2778.0
Tetouan,2025-02-04,2814.0,3218.0
Tetouan,2025-02-05,3764.0,3938.0
Tetouan,2025-02-06,3836.0,3772.0
Tetouan,2025-02-07,4142.0,4038.0
Tetouan,2025-02-08,2968.0,3875.0
Tetouan,2025-02-09,3984.0,3688.0
Tetouan,2025-02-10,3797.0,3560.0
Tetouan,2025-02-11,3870.0,3819.0
Tetouan,2025-02-12,3850.0,4076.0
Tetouan,2025-02-13,4369.0,4206.0
Tetouan,2025-02-14,4429.0,4316.0
Tetouan,2025-02-15,2882.0,2564.0
Tetouan,2025-02-16,4139.0,4290.0
Tetouan,2025-02-17,4394.0,4354.0
Tetouan,2025-02-18,3379.0,3404.0
Tetouan,2025-02-19,4090.0,4316.0
Tetouan,2025-02-20,4600.0,4534.0
Tetouan,2025-02-21,3635.0,3343.0
Tetouan,2025-02-22,2363.0,3953.0
Tetouan,2025-02-23,4759.0,4673.0
Tetouan,2025-02-24,4214.0,4295.0
Tetouan,2025-02-25,4491.0,3710.0
Tetouan,2025-02-26,4698.0,3932.0
Tetouan,2025-02-27,3909.0,2669.0
Tetouan,2025-02-28,2411.0,2481.0
Tetouan,2025-03-01,3521.0,3997.0
Tetouan,2025-03-02,3890.0,3715.0
Tetouan,2025-03-03,2984.0,3694.0
Tetouan,2025-03-04,3084.0,2731.0
Tetouan,2025-03-05,3757.0,4624.0
Tetouan,2025-03-06,2326.0,2751.0
Tetouan,2025-03-07,3905.0,4369.0
Tetouan,2025-03-08,1316.0,2335.0
Tetouan,2025-03-09,2983.0,3598.0
Tetouan,2025-03-10,4156.0,4372.0
Tetouan,2025-03-11,3437.0,4769.0
Tetouan,2025-03-12,4077.0,4464.0
Tetouan,2025-03-13,3728.0,3531.0
Tetouan,2025-03-14,3366.0,3925.0
Tetouan,2025-03-15,4695.0,5282.0
Tetouan,2025-03-16,4527.0,5179.0
Tetouan,2025-03-17,3896.0,4508.0
Tetouan,2025-03-18,3971.0,4665.0
Tetouan,2025-03-19,5068.0,4289.0
Tetouan,2025-03-20,3848.0,3799.0
Tetouan,2025-03-21,5122.0,5117.0
Tetouan,2025-03-22,5186.0,4904.0
Tetouan,2025-03-23,3728.0,4534.0
Tetouan,2025-03-24,5350.0,5653.0
Tetouan,2025-03-25,5230.0,5822.0
Tetouan,2025-03-26,5922.0,5782.0
Tetouan,2025-03-27,6088.0,6079.0
Tetouan,2025-03-28,6334.0,6423.0
Tetouan,2025-03-29,6618.0,6576.0
Tetouan,2025-03-30,6156.0,6545.0
Tetouan,2025-03-31,6314.0,5404.0
Tetouan,2025-04-01,5536.0,5979.0
Tetouan,2025-04-02,5344.0,6156.0
Tetouan,2025-04-03,4358.0,2996.0
Tetouan,2025-04-04,5231.0,6406.0
Tetouan,2025-04-05,5537.0,6263.0
Tetouan,2025-04-06,5661.0,6228.0
Tetouan,2025-04-07,6579.0,6525.0
Tetouan,2025-04-08,6644.0,6369.0
Tetouan,2025-04-09,5572.0,5660.0
Tetouan,2025-04-10,2655.0,3247.0
Tetouan,2025-04-11,2902.0,3669.0
Tetouan,2025-04-12,3789.0,4381.0
Tetouan,2025-04-13,4090.0,5584.0
Tetouan,2025-04-14,5545.0,6375.0
Tetouan,2025-04-15,5154.0,4510.0
Tetouan,2025-04-16,6157.0,6415.0
Tetouan,2025-04-17,5521.0,5257.0
Tetouan,2025-04-18,6299.0,5520.0
Tetouan,2025-04-19,4628.0,4970.0
Tetouan,2025-04-20,4982.0,5752.0
Tetouan,2025-04-21,6414.0,6921.0
Tetouan,2025-04-22,6349.0,7058.0
Tetouan,2025-04-23,7289.0,7067.0
Tetouan,2025-04-24,6901.0,6617.0
Tetouan,2025-04-25,6943.0,7062.0
Tetouan,2025-04-26,7057.0,7351.0
Tetouan,2025-04-27,7353.0,7097.0
Tetouan,2025-04-28,5639.0,6602.0
Tetouan,2025-04-29,3173.0,4210.0
Tetouan,2025-04-30,3160.0,5246.0
Tetouan,2025-05-01,6258.0,6265.0
Tetouan,2025-05-02,6485.0,7360.0
Tetouan,2025-05-03,6192.0,7438.0
Tetouan,2025-05-04,6433.0,6876.0
Tetouan,2025-05-05,6420.0,6736.0
Tetouan,2025-05-06,6396.0,7066.0
Tetouan,2025-05-07,6230.0,5912.0
Tetouan,2025-05-08,5536.0,6758.0
Tetouan,2025-05-09,6265.0,6893.0
Tetouan,2025-05-10,6320.0,6910.0
Tetouan,2025-05-11,7384.0,7552.0
Tetouan,2025-05-12,7164.0,7265.0
Tetouan,2025-05-13,6759.0,6824.0
Tetouan,2025-05-14,7354.0,7628.0
Tetouan,2025-05-15,7326.0,7305.0
Tetouan,2025-05-16,7699.0,7108.0
Tetouan,2025-05-17,7790.0,7091.0
Tetouan,2025-05-18,7381.0,7228.0
Tetouan,2025-05-19,7771.0,7619.0
Tetouan,2025-05-20,7886.0,7805.0
Tetouan,2025-05-21,7822.0,7635.0
Tetouan,2025-05-22,7823.0,7523.0
Tetouan,2025-05-23,5133.0,7093.0
Tetouan,2025-05-24,7562.0,7371.0
Tetouan,2025-05-25,7980.0,7674.0
Tetouan,2025-05-26,7996.0,7483.0
Tetouan,2025-05-27,7998.0,7645.0
Tetouan,2025-05-28,7455.0,6756.0
Tetouan,2025-05-29,6849.0,6482.0
Tetouan,2025-05-30,6412.0,5576.0
Tetouan,2025-05-31,7887.0,7592.0
Tetouan,2025-06-01,7797.0,7501.0
Tetouan,2025-06-02,7801.0,7307.0
Tetouan,2025-06-03,7159.0,6542.0
Tetouan,2025-06-04,7861.0,7630.0
Tetouan,2025-06-05,8050.0,7068.0
Tetouan,2025-06-06,7984.0,7814.0
Tetouan,2025-06-07,7711.0,7783.0
Tetouan,2025-06-08,7235.0,7618.0
Tetouan,2025-06-09,4900.0,5911.0
Tetouan,2025-06-10,5639.0,5929.0
Tetouan,2025-06-11,7254.0,7233.0
Tetouan,2025-06-12,8025.0,7880.0
Tetouan,2025-06-13,7901.0,7306.0
Tetouan,2025-06-14,7820.0,6488.0
Tetouan,2025-06-15,7668.0,7662.0
Tetouan,2025-06-16,5831.0,5938.0
Tetouan,2025-06-17,7152.0,7197.0
Tetouan,2025-06-18,7768.0,6225.0
Tetouan,2025-06-19,6516.0,6600.0
Tetouan,2025-06-20,7929.0,7886.0
Tetouan,2025-06-21,7829.0,7739.0
Tetouan,2025-06-22,7625.0,7821.0
Tetouan,2025-06-23,6624.0,7274.0
Tetouan,2025-06-24,7287.0,7788.0
Tetouan,2025-06-25,8032.0,7958.0
Tetouan,2025-06-26,8079.0,7950.0
Tetouan,2025-06-27,7397.0,7300.0
Tetouan,2025-06-28,6696.0,5542.0
Tetouan,2025-06-29,7813.0,7334.0
Tetouan,2025-06-30,7933.0,7797.0
Tetouan,2025-07-01,8004.0,7877.0
Tetouan,2025-07-02,7793.0,7561.0
Tetouan,2025-07-03,7747.0,7684.0
Tetouan,2025-07-04,7221.0,6962.0
Tetouan,2025-07-05,7331.0,7133.0
Tetouan,2025-07-06,6106.0,7292.0
Tetouan,2025-07-07,7835.0,7731.0
Tetouan,2025-07-08,7625.0,7840.0
Tetouan,2025-07-09,7052.0,7236.0
Tetouan,2025-07-10,7246.0,7237.0
Tetouan,2025-07-11,7660.0,7819.0
Tetouan,2025-07-12,5756.0,6965.0
Tetouan,2025-07-13,7842.0,7871.0
Tetouan,2025-07-14,7794.0,7771.0
Tetouan,2025-07-15,7736.0,7486.0
Tetouan,2025-07-16,6961.0,6336.0
Tetouan,2025-07-17,7475.0,7100.0
Tetouan,2025-07-18,7597.0,7530.0
Tetouan,2025-07-19,7754.0,7701.0
Tetouan,2025-07-20,7718.0,7697.0
Tetouan,2025-07-21,7675.0,7707.0
Tetouan,2025-07-22,7582.0,7694.0
Tetouan,2025-07-23,7661.0,7380.0
Tetouan,2025-07-24,7542.0,6970.0
Tetouan,2025-07-25,4207.0,6313.0
Tetouan,2025-07-26,5281.0,6678.0
Tetouan,2025-07-27,7426.0,7300.0
Tetouan,2025-07-28,7683.0,7648.0
Tetouan,2025-07-29,7223.0,7432.0
Tetouan,2025-07-30,6558.0,7241.0
Tetouan,2025-07-31,6794.0,7315.0
Tetouan,2025-08-01,6900.0,7257.0
Tetouan,2025-08-02,7067.0,7244.0
Tetouan,2025-08-03,6894.0,6939.0
Tetouan,2025-08-04,6477.0,6850.0
Tetouan,2025-08-05,7033.0,6935.0
Tetouan,2025-08-06,7035.0,7098.0
Tetouan,2025-08-07,7001.0,6869.0
Tetouan,2025-08-08,7123.0,7181.0
Tetouan,2025-08-09,6799.0,6738.0
Tetouan,2025-08-10,7103.0,6865.0
Tetouan,2025-08-11,7164.0,6609.0
Tetouan,2025-08-12,7232.0,7191.0
Tetouan,2025-08-13,7209.0,7171.0
Tetouan,2025-08-14,7136.0,6717.0
Tetouan,2025-08-15,6586.0,6117.0
Tetouan,2025-08-16,6251.0,5495.0
Tetouan,2025-08-17,6651.0,6873.0
Tetouan,2025-08-18,6914.0,6896.0
Tetouan,2025-08-19,7153.0,6845.0
Tetouan,2025-08-20,6983.0,6902.0
Tetouan,2025-08-21,6994.0,6984.0
Tetouan,2025-08-22,6970.0,6907.0
Tetouan,2025-08-23,5898.0,6339.0
Tetouan,2025-08-24,4420.0,5177.0
Tetouan,2025-08-25,5372.0,6023.0
Tetouan,2025-08-26,6468.0,6783.0
Tetouan,2025-08-27,6743.0,6826.0
Tetouan,2025-08-28,6646.0,6759.0
Tetouan,2025-08-29,6636.0,6180.0
Tetouan,2025-08-30,6662.0,6809.0
Tetouan,2025-08-31,6690.0,6725.0
Tetouan,2025-09-01,6726.0,6118.0
Tetouan,2025-09-02,6771.0,6583.0
Tetouan,2025-09-03,6659.0,6530.0
Tetouan,2025-09-04,6628.0,6517.0
Tetouan,2025-09-05,6401.0,6372.0
Tetouan,2025-09-06,4723.0,4194.0
Tetouan,2025-09-07,3603.0,5154.0
Tetouan,2025-09-08,5680.0,5251.0
Tetouan,2025-09-09,4069.0,4803.0
Tetouan,2025-09-10,6100.0,6251.0
Tetouan,2025-09-11,6193.0,6374.0
Tetouan,2025-09-12,6200.0,6005.0
Tetouan,2025-09-13,6050.0,5522.0
Tetouan,2025-09-14,6112.0,5977.0
Tetouan,2025-09-15,5659.0,4985.0
Tetouan,2025-09-16,5175.0,5066.0
Tetouan,2025-09-17,4474.0,4241.0
Tetouan,2025-09-18,4675.0,4366.0
Tetouan,2025-09-19,3881.0,4236.0
Tetouan,2025-09-20,4793.0,4231.0
Tetouan,2025-09-21,4937.0,4563.0
Tetouan,2025-09-22,5733.0,5377.0
Tetouan,2025-09-23,5364.0,5141.0
Tetouan,2025-09-24,5022.0,5151.0
Tetouan,2025-09-25,4911.0,5046.0
Tetouan,2025-09-26,5278.0,5514.0
Tetouan,2025-09-27,4883.0,3770.0
Tetouan,2025-09-28,4328.0,4646.0
Tetouan,2025-09-29,4004.0,5165.0
Tetouan,2025-09-30,4848.0,4891.0
Tetouan,2025-10-01,4945.0,5348.0
Tetouan,2025-10-02,4820.0,5105.0
Tetouan,2025-10-03,5261.0,5328.0
Tetouan,2025-10-04,5228.0,5103.0
Tetouan,2025-10-05,5191.0,4859.0
Tetouan,2025-10-06,4465.0,4434.0
Tetouan,2025-10-07,4721.0,4810.0
Tetouan,2025-10-08,4657.0,4899.0
Tetouan,2025-10-09,4943.0,5064.0
Tetouan,2025-10-10,4298.0,4762.0
Tetouan,2025-10-11,3311.0,4336.0
Tetouan,2025-10-12,3088.0,3899.0
Tetouan,2025-10-13,4437.0,3815.0
Tetouan,2025-10-14,4314.0,3730.0
Tetouan,2025-10-15,4231.0,3540.0
Tetouan,2025-10-16,3228.0,3288.0
Tetouan,2025-10-17,3773.0,4187.0
Tetouan,2025-10-18,4096.0,4296.0
Tetouan,2025-10-19,4191.0,3751.0
Tetouan,2025-10-20,4317.0,3847.0
Tetouan,2025-10-21,3531.0,4284.0
Tetouan,2025-10-22,4023.0,4258.0
Tetouan,2025-10-23,4377.0,4350.0
Tetouan,2025-10-24,4425.0,4232.0
Tetouan,2025-10-25,4311.0,3948.0
Tetouan,2025-10-26,3308.0,3525.0
Tetouan,2025-10-27,3801.0,3774.0
Tetouan,2025-10-28,1914.0,2899.0
Tetouan,2025-10-29,2451.0,3352.0
Tetouan,2025-10-30,3436.0,3710.0
Tetouan,2025-10-31,3865.0,3738.0
Tetouan,2025-11-01,3711.0,3444.0
Tetouan,2025-11-02,3193.0,3540.0
Tetouan,2025-11-03,3944.0,3621.0
Tetouan,2025-11-04,3085.0,2852.0
Tetouan,2025-11-05,3089.0,3026.0
Tetouan,2025-11-06,3257.0,3387.0
Tetouan,2025-11-07,3619.0,3933.0
Tetouan,2025-11-08,3437.0,3866.0
Tetouan,2025-11-09,3380.0,3529.0
Tetouan,2025-11-10,3474.0,3708.0
Tetouan,2025-11-11,3744.0,3586.0
Tetouan,2025-11-12,3573.0,3539.0
Tetouan,2025-11-13,1087.0,1916.0
Tetouan,2025-11-14,2717.0,2943.0
Tetouan,2025-11-15,2955.0,3024.0
Tetouan,2025-11-16,2777.0,2852.0
Tetouan,2025-11-17,1738.0,2257.0
Tetouan,2025-11-18,3442.0,3459.0
Tetouan,2025-11-19,3162.0,3333.0
Tetouan,2025-11-20,2905.0,3274.0
Tetouan,2025-11-21,3482.0,3350.0
Tetouan,2025-11-22,3453.0,3382.0
Tetouan,2025-11-23,3365.0,3343.0
Tetouan,2025-11-24,2934.0,2343.0
Tetouan,2025-11-25,2506.0,2999.0
Tetouan,2025-11-26,3348.0,3330.0
Tetouan,2025-11-27,3314.0,3055.0
Tetouan,2025-11-28,3270.0,3148.0
Tetouan,2025-11-29,3247.0,3149.0
Tetouan,2025-11-30,1629.0,2405.0
Tetouan,2025-12-01,2935.0,2960.0
Tetouan,2025-12-02,2495.0,2281.0
Tetouan,2025-12-03,3179.0,3050.0
Tetouan,2025-12-04,2849.0,2556.0
Tetouan,2025-12-05,2761.0,2850.0
Tetouan,2025-12-06,3002.0,3054.0
Tetouan,2025-12-07,3065.0,2694.0
Tetouan,2025-12-08,3061.0,3082.0
Tetouan,2025-12-09,3008.0,2938.0
Tetouan,2025-12-10,516.0,1842.0
Tetouan,2025-12-11,2509.0,2595.0
Tetouan,2025-12-12,1835.0,2088.0
Tetouan,2025-12-13,1251.0,1594.0
Tetouan,2025-12-14,1870.0,1703.0
Tetouan,2025-12-15,2488.0,2700.0
Tetouan,2025-12-16,1774.0,1979.0
Tetouan,2025-12-17,2472.0,2506.0
Tetouan,2025-12-18,2525.0,2628.0
Tetouan,2025-12-19,1848.0,2041.0
Tetouan,2025-12-20,2343.0,2292.0
Tetouan,2025-12-21,1071.0,2041.0
Tetouan,2025-12-22,2569.0,2727.0
Tetouan,2025-12-23,1504.0,2187.0
Tetouan,2025-12-24,2753.0,2276.0
Tetouan,2025-12-25,2612.0,2783.0
Tetouan,2025-12-26,2273.0,2300.0
Tetouan,2025-12-27,1066.0,2498.0
Tetouan,2025-12-28,2385.0,2441.0
Tetouan,2025-12-29,2485.0,2782.0
Tetouan,2025-12-30,2376.0,2391.0
Tetouan,2025-12-31,869.0,1846.0
